{
    "Date and Time": "2025-07-07_13_51",
    "Configuration": {
        "Frequency": [
            8,
            8.2,
            8.4,
            8.6,
            8.8,
            9,
            9.2,
            9.4,
            9.6,
            9.8,
            10,
            10.2,
            10.4,
            10.6,
            10.8,
            11,
            11.2,
            11.4,
            11.6,
            11.8,
            12
        ],
        "Sweep Type": "Gamma",
        "Gamma Magnitude List": [
            0.9
        ],
        "Gamma Phase List": [
            -175.0,
            -140.0,
            -105.0,
            -70.0,
            -35.0,
            0.0,
            35.0,
            70.0,
            105.0,
            140.0,
            175.0
        ],
        "Rectangular Offset [x,y]": [
            0,
            0
        ],
        "Real Impedance List": [],
        "Imaginary Impedance List": [],
        "PNA": {
            "IP address": "Defined in script GPIB",
            "Input port": "1",
            "Output port": "2"
        },
        "Load Tuner": {
            "Tuner SN": "3002",
            "Timeout": 1000,
            "Port": 5030,
            "Print Statements": 0,
            "Tuner Calibration File": "C:\\Users\\grgo8200\\Documents\\AFRL_Testbench\\data\\tunercal\\MT982AU06_3002.tunx"
        },
        "Comments": ""
    },
    "Load Point: (-0.896575228282571-0.07844016847289238j)_0": {
        "load_gamma": {
            "real": -0.896575228282571,
            "imag": -0.07844016847289238
        },
        "PNA S11": {
            "real": -0.4922709,
            "imag": 0.5021261
        },
        "PNA Gamma Load": {
            "real": -0.5448362183059785,
            "imag": 0.446541866103433
        }
    },
    "Load Point: (-0.6894399988070802-0.5785088487178855j)_0": {
        "load_gamma": {
            "real": -0.6894399988070802,
            "imag": -0.5785088487178855
        },
        "PNA S11": {
            "real": -0.6409602,
            "imag": 0.03594631
        },
        "PNA Gamma Load": {
            "real": -0.6439229189332897,
            "imag": -0.033384466444700854
        }
    },
    "Load Point: (-0.23293714059226878-0.8693332436601615j)_0": {
        "load_gamma": {
            "real": -0.23293714059226878,
            "imag": -0.8693332436601615
        },
        "PNA S11": {
            "real": -0.4594517,
            "imag": -0.3802049
        },
        "PNA Gamma Load": {
            "real": -0.42108126882138586,
            "imag": -0.42858802420556
        }
    },
    "Load Point: (0.30781812899310196-0.8457233587073175j)_0": {
        "load_gamma": {
            "real": 0.30781812899310196,
            "imag": -0.8457233587073175
        },
        "PNA S11": {
            "real": -0.1160467,
            "imag": -0.5695317
        },
        "PNA Gamma Load": {
            "real": -0.06053205952979604,
            "imag": -0.5825785296797443
        }
    },
    "Load Point: (0.7372368398600926-0.5162187927159415j)_0": {
        "load_gamma": {
            "real": 0.7372368398600926,
            "imag": -0.5162187927159415
        },
        "PNA S11": {
            "real": 0.2300837,
            "imag": -0.5468549
        },
        "PNA Gamma Load": {
            "real": 0.28155617170252517,
            "imag": -0.5261518873026367
        }
    },
    "Load Point: (0.9+0j)_0": {
        "load_gamma": {
            "real": 0.9,
            "imag": 0.0
        },
        "PNA S11": {
            "real": 0.5011637,
            "imag": -0.3689542
        },
        "PNA Gamma Load": {
            "real": 0.5349748720632511,
            "imag": -0.32205909675771066
        }
    },
    "Load Point: (0.7372368398600926+0.5162187927159415j)_0": {
        "load_gamma": {
            "real": 0.7372368398600926,
            "imag": 0.5162187927159415
        },
        "PNA S11": {
            "real": 0.656644,
            "imag": -0.07909314
        },
        "PNA Gamma Load": {
            "real": 0.6619834101468088,
            "imag": -0.017207006486156827
        }
    },
    "Load Point: (0.30781812899310196+0.8457233587073175j)_0": {
        "load_gamma": {
            "real": 0.30781812899310196,
            "imag": 0.8457233587073175
        },
        "PNA S11": {
            "real": 0.6493032,
            "imag": 0.2653117
        },
        "PNA Gamma Load": {
            "real": 0.6205007278399892,
            "imag": 0.32705499417326755
        }
    },
    "Load Point: (-0.23293714059226878+0.8693332436601615j)_0": {
        "load_gamma": {
            "real": -0.23293714059226878,
            "imag": 0.8693332436601615
        },
        "PNA S11": {
            "real": 0.44215,
            "imag": 0.5846334
        },
        "PNA Gamma Load": {
            "real": 0.38043973060607544,
            "imag": 0.6261602870177642
        }
    },
    "Load Point: (-0.6894399988070802+0.5785088487178855j)_0": {
        "load_gamma": {
            "real": -0.6894399988070802,
            "imag": 0.5785088487178855
        },
        "PNA S11": {
            "real": 0.0509958,
            "imag": 0.7422948
        },
        "PNA Gamma Load": {
            "real": -0.02727747670656884,
            "imag": 0.7434205599305665
        }
    },
    "Load Point: (-0.896575228282571+0.07844016847289238j)_0": {
        "load_gamma": {
            "real": -0.896575228282571,
            "imag": 0.07844016847289238
        },
        "PNA S11": {
            "real": -0.3927723,
            "imag": 0.5999168
        },
        "PNA Gamma Load": {
            "real": -0.4557860966468178,
            "imag": 0.5544597895664422
        }
    }
}