{
    "Date and Time": "2025-07-07_13_51",
    "Configuration": {
        "Frequency": [
            8,
            8.2,
            8.4,
            8.6,
            8.8,
            9,
            9.2,
            9.4,
            9.6,
            9.8,
            10,
            10.2,
            10.4,
            10.6,
            10.8,
            11,
            11.2,
            11.4,
            11.6,
            11.8,
            12
        ],
        "Sweep Type": "Gamma",
        "Gamma Magnitude List": [
            0.9
        ],
        "Gamma Phase List": [
            -175.0,
            -140.0,
            -105.0,
            -70.0,
            -35.0,
            0.0,
            35.0,
            70.0,
            105.0,
            140.0,
            175.0
        ],
        "Rectangular Offset [x,y]": [
            0,
            0
        ],
        "Real Impedance List": [],
        "Imaginary Impedance List": [],
        "PNA": {
            "IP address": "Defined in script GPIB",
            "Input port": "1",
            "Output port": "2"
        },
        "Load Tuner": {
            "Tuner SN": "3002",
            "Timeout": 1000,
            "Port": 5030,
            "Print Statements": 0,
            "Tuner Calibration File": "C:\\Users\\grgo8200\\Documents\\AFRL_Testbench\\data\\tunercal\\MT982AU06_3002.tunx"
        },
        "Comments": ""
    },
    "Load Point: (-0.896575228282571-0.07844016847289238j)_0": {
        "load_gamma": {
            "real": -0.896575228282571,
            "imag": -0.07844016847289238
        },
        "PNA S11": {
            "real": -0.6004875,
            "imag": -0.07839076
        },
        "PNA Gamma Load": {
            "real": -0.589762551559544,
            "imag": -0.14785973526172436
        }
    },
    "Load Point: (-0.6894399988070802-0.5785088487178855j)_0": {
        "load_gamma": {
            "real": -0.6894399988070802,
            "imag": -0.5785088487178855
        },
        "PNA S11": {
            "real": -0.4038709,
            "imag": -0.4192114
        },
        "PNA Gamma Load": {
            "real": -0.35745887350921257,
            "imag": -0.4650463926387598
        }
    },
    "Load Point: (-0.23293714059226878-0.8693332436601615j)_0": {
        "load_gamma": {
            "real": -0.23293714059226878,
            "imag": -0.8693332436601615
        },
        "PNA S11": {
            "real": -0.0619661,
            "imag": -0.5886732
        },
        "PNA Gamma Load": {
            "real": -9.42361726462837e-05,
            "imag": -0.5967825773416119
        }
    },
    "Load Point: (0.30781812899310196-0.8457233587073175j)_0": {
        "load_gamma": {
            "real": 0.30781812899310196,
            "imag": -0.8457233587073175
        },
        "PNA S11": {
            "real": 0.3082932,
            "imag": -0.5429081
        },
        "PNA Gamma Load": {
            "real": 0.36288599752957995,
            "imag": -0.5130363687842413
        }
    },
    "Load Point: (0.7372368398600926-0.5162187927159415j)_0": {
        "load_gamma": {
            "real": 0.7372368398600926,
            "imag": -0.5162187927159415
        },
        "PNA S11": {
            "real": 0.5930719,
            "imag": -0.3053149
        },
        "PNA Gamma Load": {
            "real": 0.6221484734749712,
            "imag": -0.24724581730457518
        }
    },
    "Load Point: (0.9+0j)_0": {
        "load_gamma": {
            "real": 0.9,
            "imag": 0.0
        },
        "PNA S11": {
            "real": 0.7022485,
            "imag": 0.05809803
        },
        "PNA Gamma Load": {
            "real": 0.6940300647088835,
            "imag": 0.1268801173450052
        }
    },
    "Load Point: (0.7372368398600926+0.5162187927159415j)_0": {
        "load_gamma": {
            "real": 0.7372368398600926,
            "imag": 0.5162187927159415
        },
        "PNA S11": {
            "real": 0.5815365,
            "imag": 0.4386792
        },
        "PNA Gamma Load": {
            "real": 0.5336339626289507,
            "imag": 0.4952705967711787
        }
    },
    "Load Point: (0.30781812899310196+0.8457233587073175j)_0": {
        "load_gamma": {
            "real": 0.30781812899310196,
            "imag": 0.8457233587073175
        },
        "PNA S11": {
            "real": 0.2508518,
            "imag": 0.6859092
        },
        "PNA Gamma Load": {
            "real": 0.17564845092616677,
            "imag": 0.7077112393590039
        }
    },
    "Load Point: (-0.23293714059226878+0.8693332436601615j)_0": {
        "load_gamma": {
            "real": -0.23293714059226878,
            "imag": 0.8693332436601615
        },
        "PNA S11": {
            "real": -0.1700208,
            "imag": 0.6841059
        },
        "PNA Gamma Load": {
            "real": -0.24555711236562314,
            "imag": 0.6595274721058976
        }
    },
    "Load Point: (-0.6894399988070802+0.5785088487178855j)_0": {
        "load_gamma": {
            "real": -0.6894399988070802,
            "imag": 0.5785088487178855
        },
        "PNA S11": {
            "real": -0.5021186,
            "imag": 0.429718
        },
        "PNA Gamma Load": {
            "real": -0.5482047859586083,
            "imag": 0.3686373251574286
        }
    },
    "Load Point: (-0.896575228282571+0.07844016847289238j)_0": {
        "load_gamma": {
            "real": -0.896575228282571,
            "imag": 0.07844016847289238
        },
        "PNA S11": {
            "real": -0.6147572,
            "imag": 0.03611624
        },
        "PNA Gamma Load": {
            "real": -0.6168004286351749,
            "imag": -0.03592782521082932
        }
    }
}