{
    "Date and Time": "2025-07-07_13_51",
    "Configuration": {
        "Frequency": [
            8,
            8.2,
            8.4,
            8.6,
            8.8,
            9,
            9.2,
            9.4,
            9.6,
            9.8,
            10,
            10.2,
            10.4,
            10.6,
            10.8,
            11,
            11.2,
            11.4,
            11.6,
            11.8,
            12
        ],
        "Sweep Type": "Gamma",
        "Gamma Magnitude List": [
            0.9
        ],
        "Gamma Phase List": [
            -175.0,
            -140.0,
            -105.0,
            -70.0,
            -35.0,
            0.0,
            35.0,
            70.0,
            105.0,
            140.0,
            175.0
        ],
        "Rectangular Offset [x,y]": [
            0,
            0
        ],
        "Real Impedance List": [],
        "Imaginary Impedance List": [],
        "PNA": {
            "IP address": "Defined in script GPIB",
            "Input port": "1",
            "Output port": "2"
        },
        "Load Tuner": {
            "Tuner SN": "3002",
            "Timeout": 1000,
            "Port": 5030,
            "Print Statements": 0,
            "Tuner Calibration File": "C:\\Users\\grgo8200\\Documents\\AFRL_Testbench\\data\\tunercal\\MT982AU06_3002.tunx"
        },
        "Comments": ""
    },
    "Load Point: (-0.896575228282571-0.07844016847289238j)_0": {
        "load_gamma": {
            "real": -0.896575228282571,
            "imag": -0.07844016847289238
        },
        "PNA S11": {
            "real": -0.5029265,
            "imag": 0.354843
        },
        "PNA Gamma Load": {
            "real": -0.5428539380310415,
            "imag": 0.2899969222760329
        }
    },
    "Load Point: (-0.6894399988070802-0.5785088487178855j)_0": {
        "load_gamma": {
            "real": -0.6894399988070802,
            "imag": -0.5785088487178855
        },
        "PNA S11": {
            "real": -0.5849505,
            "imag": -0.03608786
        },
        "PNA Gamma Load": {
            "real": -0.5782394337380521,
            "imag": -0.10844930403886947
        }
    },
    "Load Point: (-0.23293714059226878-0.8693332436601615j)_0": {
        "load_gamma": {
            "real": -0.23293714059226878,
            "imag": -0.8693332436601615
        },
        "PNA S11": {
            "real": -0.4206751,
            "imag": -0.4100263
        },
        "PNA Gamma Load": {
            "real": -0.3719732653061868,
            "imag": -0.4601687092433672
        }
    },
    "Load Point: (0.30781812899310196-0.8457233587073175j)_0": {
        "load_gamma": {
            "real": 0.30781812899310196,
            "imag": -0.8457233587073175
        },
        "PNA S11": {
            "real": -0.06193011,
            "imag": -0.6175984
        },
        "PNA Gamma Load": {
            "real": 0.006921814852548405,
            "imag": -0.6253766664423083
        }
    },
    "Load Point: (0.7372368398600926-0.5162187927159415j)_0": {
        "load_gamma": {
            "real": 0.7372368398600926,
            "imag": -0.5162187927159415
        },
        "PNA S11": {
            "real": 0.3555555,
            "imag": -0.5641965
        },
        "PNA Gamma Load": {
            "real": 0.415041010878451,
            "imag": -0.5263077417151494
        }
    },
    "Load Point: (0.9+0j)_0": {
        "load_gamma": {
            "real": 0.9,
            "imag": 0.0
        },
        "PNA S11": {
            "real": 0.6494339,
            "imag": -0.2880853
        },
        "PNA Gamma Load": {
            "real": 0.6772210597965523,
            "imag": -0.2203500260101447
        }
    },
    "Load Point: (0.7372368398600926+0.5162187927159415j)_0": {
        "load_gamma": {
            "real": 0.7372368398600926,
            "imag": 0.5162187927159415
        },
        "PNA S11": {
            "real": 0.7273442,
            "imag": 0.1013576
        },
        "PNA Gamma Load": {
            "real": 0.7133585461460393,
            "imag": 0.17631993812090552
        }
    },
    "Load Point: (0.30781812899310196+0.8457233587073175j)_0": {
        "load_gamma": {
            "real": 0.30781812899310196,
            "imag": 0.8457233587073175
        },
        "PNA S11": {
            "real": 0.5787582,
            "imag": 0.4536225
        },
        "PNA Gamma Load": {
            "real": 0.5263383653931453,
            "imag": 0.5123755424783022
        }
    },
    "Load Point: (-0.23293714059226878+0.8693332436601615j)_0": {
        "load_gamma": {
            "real": -0.23293714059226878,
            "imag": 0.8693332436601615
        },
        "PNA S11": {
            "real": 0.2655997,
            "imag": 0.6616635
        },
        "PNA Gamma Load": {
            "real": 0.1895485774591255,
            "imag": 0.6856650258560509
        }
    },
    "Load Point: (-0.6894399988070802+0.5785088487178855j)_0": {
        "load_gamma": {
            "real": -0.6894399988070802,
            "imag": 0.5785088487178855
        },
        "PNA S11": {
            "real": -0.1159121,
            "imag": 0.6631324
        },
        "PNA Gamma Load": {
            "real": -0.19281900997527635,
            "imag": 0.6436422812183226
        }
    },
    "Load Point: (-0.896575228282571+0.07844016847289238j)_0": {
        "load_gamma": {
            "real": -0.896575228282571,
            "imag": 0.07844016847289238
        },
        "PNA S11": {
            "real": -0.4385034,
            "imag": 0.4488814
        },
        "PNA Gamma Load": {
            "real": -0.48994815744368925,
            "imag": 0.39146297591637874
        }
    }
}