{
    "Date and Time": "2025-07-07_13_51",
    "Configuration": {
        "Frequency": [
            8,
            8.2,
            8.4,
            8.6,
            8.8,
            9,
            9.2,
            9.4,
            9.6,
            9.8,
            10,
            10.2,
            10.4,
            10.6,
            10.8,
            11,
            11.2,
            11.4,
            11.6,
            11.8,
            12
        ],
        "Sweep Type": "Gamma",
        "Gamma Magnitude List": [
            0.9
        ],
        "Gamma Phase List": [
            -175.0,
            -140.0,
            -105.0,
            -70.0,
            -35.0,
            0.0,
            35.0,
            70.0,
            105.0,
            140.0,
            175.0
        ],
        "Rectangular Offset [x,y]": [
            0,
            0
        ],
        "Real Impedance List": [],
        "Imaginary Impedance List": [],
        "PNA": {
            "IP address": "Defined in script GPIB",
            "Input port": "1",
            "Output port": "2"
        },
        "Load Tuner": {
            "Tuner SN": "3002",
            "Timeout": 1000,
            "Port": 5030,
            "Print Statements": 0,
            "Tuner Calibration File": "C:\\Users\\grgo8200\\Documents\\AFRL_Testbench\\data\\tunercal\\MT982AU06_3002.tunx"
        },
        "Comments": ""
    },
    "Load Point: (-0.896575228282571-0.07844016847289238j)_0": {
        "load_gamma": {
            "real": -0.896575228282571,
            "imag": -0.07844016847289238
        },
        "PNA S11": {
            "real": -0.6668231,
            "imag": 0.2262681
        },
        "PNA Gamma Load": {
            "real": -0.688609068215079,
            "imag": 0.16393509113119972
        }
    },
    "Load Point: (-0.6894399988070802-0.5785088487178855j)_0": {
        "load_gamma": {
            "real": -0.6894399988070802,
            "imag": -0.5785088487178855
        },
        "PNA S11": {
            "real": -0.6762555,
            "imag": -0.2277122
        },
        "PNA Gamma Load": {
            "real": -0.6580094495806955,
            "imag": -0.2900724405995502
        }
    },
    "Load Point: (-0.23293714059226878-0.8693332436601615j)_0": {
        "load_gamma": {
            "real": -0.23293714059226878,
            "imag": -0.8693332436601615
        },
        "PNA S11": {
            "real": -0.412969,
            "imag": -0.5746749
        },
        "PNA Gamma Load": {
            "real": -0.36425846927234,
            "imag": -0.6133023027021497
        }
    },
    "Load Point: (0.30781812899310196-0.8457233587073175j)_0": {
        "load_gamma": {
            "real": 0.30781812899310196,
            "imag": -0.8457233587073175
        },
        "PNA S11": {
            "real": -0.02380195,
            "imag": -0.68695
        },
        "PNA Gamma Load": {
            "real": 0.03390069451135914,
            "imag": -0.6911895039891428
        }
    },
    "Load Point: (0.7372368398600926-0.5162187927159415j)_0": {
        "load_gamma": {
            "real": 0.7372368398600926,
            "imag": -0.5162187927159415
        },
        "PNA S11": {
            "real": 0.3365392,
            "imag": -0.5743925
        },
        "PNA Gamma Load": {
            "real": 0.3838009064394733,
            "imag": -0.548092242907034
        }
    },
    "Load Point: (0.9+0j)_0": {
        "load_gamma": {
            "real": 0.9,
            "imag": 0.0
        },
        "PNA S11": {
            "real": 0.5723672,
            "imag": -0.3033204
        },
        "PNA Gamma Load": {
            "real": 0.5958006412119446,
            "imag": -0.2570264683952802
        }
    },
    "Load Point: (0.7372368398600926+0.5162187927159415j)_0": {
        "load_gamma": {
            "real": 0.7372368398600926,
            "imag": 0.5162187927159415
        },
        "PNA S11": {
            "real": 0.6368101,
            "imag": 0.04751955
        },
        "PNA Gamma Load": {
            "real": 0.630506067167583,
            "imag": 0.09930846783972755
        }
    },
    "Load Point: (0.30781812899310196+0.8457233587073175j)_0": {
        "load_gamma": {
            "real": 0.30781812899310196,
            "imag": 0.8457233587073175
        },
        "PNA S11": {
            "real": 0.5010732,
            "imag": 0.395865
        },
        "PNA Gamma Load": {
            "real": 0.4649956773608536,
            "imag": 0.4362210048026841
        }
    },
    "Load Point: (-0.23293714059226878+0.8693332436601615j)_0": {
        "load_gamma": {
            "real": -0.23293714059226878,
            "imag": 0.8693332436601615
        },
        "PNA S11": {
            "real": 0.1756644,
            "imag": 0.627184
        },
        "PNA Gamma Load": {
            "real": 0.11892968582340188,
            "imag": 0.639314894473551
        }
    },
    "Load Point: (-0.6894399988070802+0.5785088487178855j)_0": {
        "load_gamma": {
            "real": -0.6894399988070802,
            "imag": 0.5785088487178855
        },
        "PNA S11": {
            "real": -0.2493789,
            "imag": 0.6265598
        },
        "PNA Gamma Load": {
            "real": -0.30702053342741387,
            "imag": 0.6017205702217224
        }
    },
    "Load Point: (-0.896575228282571+0.07844016847289238j)_0": {
        "load_gamma": {
            "real": -0.896575228282571,
            "imag": 0.07844016847289238
        },
        "PNA S11": {
            "real": -0.6057832,
            "imag": 0.3479068
        },
        "PNA Gamma Load": {
            "real": -0.6385767259086869,
            "imag": 0.29097957442302236
        }
    }
}