{
    "Date and Time": "2025-07-07_13_51",
    "Configuration": {
        "Frequency": [
            8,
            8.2,
            8.4,
            8.6,
            8.8,
            9,
            9.2,
            9.4,
            9.6,
            9.8,
            10,
            10.2,
            10.4,
            10.6,
            10.8,
            11,
            11.2,
            11.4,
            11.6,
            11.8,
            12
        ],
        "Sweep Type": "Gamma",
        "Gamma Magnitude List": [
            0.9
        ],
        "Gamma Phase List": [
            -175.0,
            -140.0,
            -105.0,
            -70.0,
            -35.0,
            0.0,
            35.0,
            70.0,
            105.0,
            140.0,
            175.0
        ],
        "Rectangular Offset [x,y]": [
            0,
            0
        ],
        "Real Impedance List": [],
        "Imaginary Impedance List": [],
        "PNA": {
            "IP address": "Defined in script GPIB",
            "Input port": "1",
            "Output port": "2"
        },
        "Load Tuner": {
            "Tuner SN": "3002",
            "Timeout": 1000,
            "Port": 5030,
            "Print Statements": 0,
            "Tuner Calibration File": "C:\\Users\\grgo8200\\Documents\\AFRL_Testbench\\data\\tunercal\\MT982AU06_3002.tunx"
        },
        "Comments": ""
    },
    "Load Point: (-0.896575228282571-0.07844016847289238j)_0": {
        "load_gamma": {
            "real": -0.896575228282571,
            "imag": -0.07844016847289238
        },
        "PNA S11": {
            "real": -0.6048248,
            "imag": 0.108915
        },
        "PNA Gamma Load": {
            "real": -0.6155128655641957,
            "imag": 0.03596944376632416
        }
    },
    "Load Point: (-0.6894399988070802-0.5785088487178855j)_0": {
        "load_gamma": {
            "real": -0.6894399988070802,
            "imag": -0.5785088487178855
        },
        "PNA S11": {
            "real": -0.509711,
            "imag": -0.2953887
        },
        "PNA Gamma Load": {
            "real": -0.4754195621059025,
            "imag": -0.3548764612048595
        }
    },
    "Load Point: (-0.23293714059226878-0.8693332436601615j)_0": {
        "load_gamma": {
            "real": -0.23293714059226878,
            "imag": -0.8693332436601615
        },
        "PNA S11": {
            "real": -0.1981578,
            "imag": -0.5564814
        },
        "PNA Gamma Load": {
            "real": -0.13769679098556623,
            "imag": -0.5790816618023289
        }
    },
    "Load Point: (0.30781812899310196-0.8457233587073175j)_0": {
        "load_gamma": {
            "real": 0.30781812899310196,
            "imag": -0.8457233587073175
        },
        "PNA S11": {
            "real": 0.1858153,
            "imag": -0.5912808
        },
        "PNA Gamma Load": {
            "real": 0.24694493957977814,
            "imag": -0.5725290249482085
        }
    },
    "Load Point: (0.7372368398600926-0.5162187927159415j)_0": {
        "load_gamma": {
            "real": 0.7372368398600926,
            "imag": -0.5162187927159415
        },
        "PNA S11": {
            "real": 0.5179172,
            "imag": -0.4104633
        },
        "PNA Gamma Load": {
            "real": 0.5579453353949974,
            "imag": -0.3582077953537033
        }
    },
    "Load Point: (0.9+0j)_0": {
        "load_gamma": {
            "real": 0.9,
            "imag": 0.0
        },
        "PNA S11": {
            "real": 0.6929978,
            "imag": -0.08670104
        },
        "PNA Gamma Load": {
            "real": 0.6987619173557152,
            "imag": -0.017625688271132575
        }
    },
    "Load Point: (0.7372368398600926+0.5162187927159415j)_0": {
        "load_gamma": {
            "real": 0.7372368398600926,
            "imag": 0.5162187927159415
        },
        "PNA S11": {
            "real": 0.6638995,
            "imag": 0.2837164
        },
        "PNA Gamma Load": {
            "real": 0.6314486999213605,
            "imag": 0.34951701128548546
        }
    },
    "Load Point: (0.30781812899310196+0.8457233587073175j)_0": {
        "load_gamma": {
            "real": 0.30781812899310196,
            "imag": 0.8457233587073175
        },
        "PNA S11": {
            "real": 0.430037,
            "imag": 0.5872732
        },
        "PNA Gamma Load": {
            "real": 0.364506927312737,
            "imag": 0.6287122179002096
        }
    },
    "Load Point: (-0.23293714059226878+0.8693332436601615j)_0": {
        "load_gamma": {
            "real": -0.23293714059226878,
            "imag": 0.8693332436601615
        },
        "PNA S11": {
            "real": 0.05495125,
            "imag": 0.7092271
        },
        "PNA Gamma Load": {
            "real": -0.02448502672119826,
            "imag": 0.7098410418564625
        }
    },
    "Load Point: (-0.6894399988070802+0.5785088487178855j)_0": {
        "load_gamma": {
            "real": -0.6894399988070802,
            "imag": 0.5785088487178855
        },
        "PNA S11": {
            "real": -0.3403135,
            "imag": 0.5803038
        },
        "PNA Gamma Load": {
            "real": -0.40566531324920746,
            "imag": 0.5365244670385182
        }
    },
    "Load Point: (-0.896575228282571+0.07844016847289238j)_0": {
        "load_gamma": {
            "real": -0.896575228282571,
            "imag": 0.07844016847289238
        },
        "PNA S11": {
            "real": -0.5822135,
            "imag": 0.2319262
        },
        "PNA Gamma Load": {
            "real": -0.6071685555761235,
            "imag": 0.16087702429760029
        }
    }
}