{
    "Date and Time": "2025-07-07_13_51",
    "Configuration": {
        "Frequency": [
            8,
            8.2,
            8.4,
            8.6,
            8.8,
            9,
            9.2,
            9.4,
            9.6,
            9.8,
            10,
            10.2,
            10.4,
            10.6,
            10.8,
            11,
            11.2,
            11.4,
            11.6,
            11.8,
            12
        ],
        "Sweep Type": "Gamma",
        "Gamma Magnitude List": [
            0.9
        ],
        "Gamma Phase List": [
            -175.0,
            -140.0,
            -105.0,
            -70.0,
            -35.0,
            0.0,
            35.0,
            70.0,
            105.0,
            140.0,
            175.0
        ],
        "Rectangular Offset [x,y]": [
            0,
            0
        ],
        "Real Impedance List": [],
        "Imaginary Impedance List": [],
        "PNA": {
            "IP address": "Defined in script GPIB",
            "Input port": "1",
            "Output port": "2"
        },
        "Load Tuner": {
            "Tuner SN": "3002",
            "Timeout": 1000,
            "Port": 5030,
            "Print Statements": 0,
            "Tuner Calibration File": "C:\\Users\\grgo8200\\Documents\\AFRL_Testbench\\data\\tunercal\\MT982AU06_3002.tunx"
        },
        "Comments": ""
    },
    "Load Point: (-0.896575228282571-0.07844016847289238j)_0": {
        "load_gamma": {
            "real": -0.896575228282571,
            "imag": -0.07844016847289238
        },
        "PNA S11": {
            "real": -0.494276,
            "imag": -0.3001686
        },
        "PNA Gamma Load": {
            "real": -0.46151797552538354,
            "imag": -0.3544397749876264
        }
    },
    "Load Point: (-0.6894399988070802-0.5785088487178855j)_0": {
        "load_gamma": {
            "real": -0.6894399988070802,
            "imag": -0.5785088487178855
        },
        "PNA S11": {
            "real": -0.1740038,
            "imag": -0.5591024
        },
        "PNA Gamma Load": {
            "real": -0.11606808962987486,
            "imag": -0.5781471576289346
        }
    },
    "Load Point: (-0.23293714059226878-0.8693332436601615j)_0": {
        "load_gamma": {
            "real": -0.23293714059226878,
            "imag": -0.8693332436601615
        },
        "PNA S11": {
            "real": 0.1789758,
            "imag": -0.59115
        },
        "PNA Gamma Load": {
            "real": 0.23798297216456166,
            "imag": -0.5739806745229542
        }
    },
    "Load Point: (0.30781812899310196-0.8457233587073175j)_0": {
        "load_gamma": {
            "real": 0.30781812899310196,
            "imag": -0.8457233587073175
        },
        "PNA S11": {
            "real": 0.4739912,
            "imag": -0.4529768
        },
        "PNA Gamma Load": {
            "real": 0.5179044623840182,
            "imag": -0.40663425893913263
        }
    },
    "Load Point: (0.7372368398600926-0.5162187927159415j)_0": {
        "load_gamma": {
            "real": 0.7372368398600926,
            "imag": -0.5162187927159415
        },
        "PNA S11": {
            "real": 0.6638376,
            "imag": -0.1949797
        },
        "PNA Gamma Load": {
            "real": 0.6814569402408718,
            "imag": -0.12999287670012058
        }
    },
    "Load Point: (0.9+0j)_0": {
        "load_gamma": {
            "real": 0.9,
            "imag": 0.0
        },
        "PNA S11": {
            "real": 0.7087436,
            "imag": 0.1329964
        },
        "PNA Gamma Load": {
            "real": 0.6931159462130785,
            "imag": 0.20268743135602452
        }
    },
    "Load Point: (0.7372368398600926+0.5162187927159415j)_0": {
        "load_gamma": {
            "real": 0.7372368398600926,
            "imag": 0.5162187927159415
        },
        "PNA S11": {
            "real": 0.569146,
            "imag": 0.4663397
        },
        "PNA Gamma Load": {
            "real": 0.5189723821056704,
            "imag": 0.5219743474086168
        }
    },
    "Load Point: (0.30781812899310196+0.8457233587073175j)_0": {
        "load_gamma": {
            "real": 0.30781812899310196,
            "imag": 0.8457233587073175
        },
        "PNA S11": {
            "real": 0.2293804,
            "imag": 0.6926771
        },
        "PNA Gamma Load": {
            "real": 0.15459386965336347,
            "imag": 0.712936436504109
        }
    },
    "Load Point: (-0.23293714059226878+0.8693332436601615j)_0": {
        "load_gamma": {
            "real": -0.23293714059226878,
            "imag": 0.8693332436601615
        },
        "PNA S11": {
            "real": -0.2283193,
            "imag": 0.651895
        },
        "PNA Gamma Load": {
            "real": -0.29919728204806795,
            "imag": 0.622603518758465
        }
    },
    "Load Point: (-0.6894399988070802+0.5785088487178855j)_0": {
        "load_gamma": {
            "real": -0.6894399988070802,
            "imag": 0.5785088487178855
        },
        "PNA S11": {
            "real": -0.5592224,
            "imag": 0.2896606
        },
        "PNA Gamma Load": {
            "real": -0.5893001157947229,
            "imag": 0.22511950937163933
        }
    },
    "Load Point: (-0.896575228282571+0.07844016847289238j)_0": {
        "load_gamma": {
            "real": -0.896575228282571,
            "imag": 0.07844016847289238
        },
        "PNA S11": {
            "real": -0.5526611,
            "imag": -0.1857032
        },
        "PNA Gamma Load": {
            "real": -0.5316830728049149,
            "imag": -0.24723629688961468
        }
    }
}