{
    "Date and Time": "2025-07-07_13_51",
    "Configuration": {
        "Frequency": [
            8,
            8.2,
            8.4,
            8.6,
            8.8,
            9,
            9.2,
            9.4,
            9.6,
            9.8,
            10,
            10.2,
            10.4,
            10.6,
            10.8,
            11,
            11.2,
            11.4,
            11.6,
            11.8,
            12
        ],
        "Sweep Type": "Gamma",
        "Gamma Magnitude List": [
            0.9
        ],
        "Gamma Phase List": [
            -175.0,
            -140.0,
            -105.0,
            -70.0,
            -35.0,
            0.0,
            35.0,
            70.0,
            105.0,
            140.0,
            175.0
        ],
        "Rectangular Offset [x,y]": [
            0,
            0
        ],
        "Real Impedance List": [],
        "Imaginary Impedance List": [],
        "PNA": {
            "IP address": "Defined in script GPIB",
            "Input port": "1",
            "Output port": "2"
        },
        "Load Tuner": {
            "Tuner SN": "3002",
            "Timeout": 1000,
            "Port": 5030,
            "Print Statements": 0,
            "Tuner Calibration File": "C:\\Users\\grgo8200\\Documents\\AFRL_Testbench\\data\\tunercal\\MT982AU06_3002.tunx"
        },
        "Comments": ""
    },
    "Load Point: (-0.896575228282571-0.07844016847289238j)_0": {
        "load_gamma": {
            "real": -0.896575228282571,
            "imag": -0.07844016847289238
        },
        "PNA S11": {
            "real": -0.6709314,
            "imag": -0.1813953
        },
        "PNA Gamma Load": {
            "real": -0.6546055667469045,
            "imag": -0.24633577763529638
        }
    },
    "Load Point: (-0.6894399988070802-0.5785088487178855j)_0": {
        "load_gamma": {
            "real": -0.6894399988070802,
            "imag": -0.5785088487178855
        },
        "PNA S11": {
            "real": -0.3682451,
            "imag": -0.5542935
        },
        "PNA Gamma Load": {
            "real": -0.3177573374585194,
            "imag": -0.5901580732130137
        }
    },
    "Load Point: (-0.23293714059226878-0.8693332436601615j)_0": {
        "load_gamma": {
            "real": -0.23293714059226878,
            "imag": -0.8693332436601615
        },
        "PNA S11": {
            "real": 0.07384899,
            "imag": -0.6343698
        },
        "PNA Gamma Load": {
            "real": 0.13048701256845882,
            "imag": -0.6287682660083961
        }
    },
    "Load Point: (0.30781812899310196-0.8457233587073175j)_0": {
        "load_gamma": {
            "real": 0.30781812899310196,
            "imag": -0.8457233587073175
        },
        "PNA S11": {
            "real": 0.4326942,
            "imag": -0.4532761
        },
        "PNA Gamma Load": {
            "real": 0.4720959355972214,
            "imag": -0.41497354065589687
        }
    },
    "Load Point: (0.7372368398600926-0.5162187927159415j)_0": {
        "load_gamma": {
            "real": 0.7372368398600926,
            "imag": -0.5162187927159415
        },
        "PNA S11": {
            "real": 0.6141,
            "imag": -0.1394144
        },
        "PNA Gamma Load": {
            "real": 0.6248637113839905,
            "imag": -0.08511894445058794
        }
    },
    "Load Point: (0.9+0j)_0": {
        "load_gamma": {
            "real": 0.9,
            "imag": 0.0
        },
        "PNA S11": {
            "real": 0.6079992,
            "imag": 0.2071417
        },
        "PNA Gamma Load": {
            "real": 0.5872315262129713,
            "imag": 0.2611010333731022
        }
    },
    "Load Point: (0.7372368398600926+0.5162187927159415j)_0": {
        "load_gamma": {
            "real": 0.7372368398600926,
            "imag": 0.5162187927159415
        },
        "PNA S11": {
            "real": 0.4383805,
            "imag": 0.4978987
        },
        "PNA Gamma Load": {
            "real": 0.3903767085289723,
            "imag": 0.5365863224188862
        }
    },
    "Load Point: (0.30781812899310196+0.8457233587073175j)_0": {
        "load_gamma": {
            "real": 0.30781812899310196,
            "imag": 0.8457233587073175
        },
        "PNA S11": {
            "real": 0.135577,
            "imag": 0.6721348
        },
        "PNA Gamma Load": {
            "real": 0.07077178665479106,
            "imag": 0.6830387347579168
        }
    },
    "Load Point: (-0.23293714059226878+0.8693332436601615j)_0": {
        "load_gamma": {
            "real": -0.23293714059226878,
            "imag": 0.8693332436601615
        },
        "PNA S11": {
            "real": -0.2397081,
            "imag": 0.6631365
        },
        "PNA Gamma Load": {
            "real": -0.3039504725239215,
            "imag": 0.6386459463283877
        }
    },
    "Load Point: (-0.6894399988070802+0.5785088487178855j)_0": {
        "load_gamma": {
            "real": -0.6894399988070802,
            "imag": 0.5785088487178855
        },
        "PNA S11": {
            "real": -0.5824227,
            "imag": 0.4100865
        },
        "PNA Gamma Load": {
            "real": -0.6227696670092399,
            "imag": 0.3524152321351113
        }
    },
    "Load Point: (-0.896575228282571+0.07844016847289238j)_0": {
        "load_gamma": {
            "real": -0.896575228282571,
            "imag": 0.07844016847289238
        },
        "PNA S11": {
            "real": -0.7003766,
            "imag": -0.04250845
        },
        "PNA Gamma Load": {
            "real": -0.6972981158149991,
            "imag": -0.11064798065746068
        }
    }
}