{
    "Date and Time": "2025-07-07_13_51",
    "Configuration": {
        "Frequency": [
            8,
            8.2,
            8.4,
            8.6,
            8.8,
            9,
            9.2,
            9.4,
            9.6,
            9.8,
            10,
            10.2,
            10.4,
            10.6,
            10.8,
            11,
            11.2,
            11.4,
            11.6,
            11.8,
            12
        ],
        "Sweep Type": "Gamma",
        "Gamma Magnitude List": [
            0.9
        ],
        "Gamma Phase List": [
            -175.0,
            -140.0,
            -105.0,
            -70.0,
            -35.0,
            0.0,
            35.0,
            70.0,
            105.0,
            140.0,
            175.0
        ],
        "Rectangular Offset [x,y]": [
            0,
            0
        ],
        "Real Impedance List": [],
        "Imaginary Impedance List": [],
        "PNA": {
            "IP address": "Defined in script GPIB",
            "Input port": "1",
            "Output port": "2"
        },
        "Load Tuner": {
            "Tuner SN": "3002",
            "Timeout": 1000,
            "Port": 5030,
            "Print Statements": 0,
            "Tuner Calibration File": "C:\\Users\\grgo8200\\Documents\\AFRL_Testbench\\data\\tunercal\\MT982AU06_3002.tunx"
        },
        "Comments": ""
    },
    "Load Point: (-0.896575228282571-0.07844016847289238j)_0": {
        "load_gamma": {
            "real": -0.896575228282571,
            "imag": -0.07844016847289238
        },
        "PNA S11": {
            "real": -0.6849426,
            "imag": 0.1101191
        },
        "PNA Gamma Load": {
            "real": -0.6958893787520958,
            "imag": 0.039908202506287224
        }
    },
    "Load Point: (-0.6894399988070802-0.5785088487178855j)_0": {
        "load_gamma": {
            "real": -0.6894399988070802,
            "imag": -0.5785088487178855
        },
        "PNA S11": {
            "real": -0.5752703,
            "imag": -0.3210131
        },
        "PNA Gamma Load": {
            "real": -0.5447105453854092,
            "imag": -0.3789860162611046
        }
    },
    "Load Point: (-0.23293714059226878-0.8693332436601615j)_0": {
        "load_gamma": {
            "real": -0.23293714059226878,
            "imag": -0.8693332436601615
        },
        "PNA S11": {
            "real": -0.2408207,
            "imag": -0.5793644
        },
        "PNA Gamma Load": {
            "real": -0.18712043070326312,
            "imag": -0.6042866207243411
        }
    },
    "Load Point: (0.30781812899310196-0.8457233587073175j)_0": {
        "load_gamma": {
            "real": 0.30781812899310196,
            "imag": -0.8457233587073175
        },
        "PNA S11": {
            "real": 0.1445325,
            "imag": -0.5953443
        },
        "PNA Gamma Load": {
            "real": 0.1987306362267116,
            "imag": -0.5847402176965067
        }
    },
    "Load Point: (0.7372368398600926-0.5162187927159415j)_0": {
        "load_gamma": {
            "real": 0.7372368398600926,
            "imag": -0.5162187927159415
        },
        "PNA S11": {
            "real": 0.4578375,
            "imag": -0.4128127
        },
        "PNA Gamma Load": {
            "real": 0.49503716121665153,
            "imag": -0.37262328715908566
        }
    },
    "Load Point: (0.9+0j)_0": {
        "load_gamma": {
            "real": 0.9,
            "imag": 0.0
        },
        "PNA S11": {
            "real": 0.6271501,
            "imag": -0.1047027
        },
        "PNA Gamma Load": {
            "real": 0.6353819052997385,
            "imag": -0.048705501117219906
        }
    },
    "Load Point: (0.7372368398600926+0.5162187927159415j)_0": {
        "load_gamma": {
            "real": 0.7372368398600926,
            "imag": 0.5162187927159415
        },
        "PNA S11": {
            "real": 0.6150814,
            "imag": 0.2498564
        },
        "PNA Gamma Load": {
            "real": 0.5897790629109079,
            "imag": 0.30529511974706114
        }
    },
    "Load Point: (0.30781812899310196+0.8457233587073175j)_0": {
        "load_gamma": {
            "real": 0.30781812899310196,
            "imag": 0.8457233587073175
        },
        "PNA S11": {
            "real": 0.4042408,
            "imag": 0.5601496
        },
        "PNA Gamma Load": {
            "real": 0.3487207565000201,
            "imag": 0.5960595758903975
        }
    },
    "Load Point: (-0.23293714059226878+0.8693332436601615j)_0": {
        "load_gamma": {
            "real": -0.23293714059226878,
            "imag": 0.8693332436601615
        },
        "PNA S11": {
            "real": 0.03398848,
            "imag": 0.7128742
        },
        "PNA Gamma Load": {
            "real": -0.03717821932451831,
            "imag": 0.7128994290202398
        }
    },
    "Load Point: (-0.6894399988070802+0.5785088487178855j)_0": {
        "load_gamma": {
            "real": -0.6894399988070802,
            "imag": 0.5785088487178855
        },
        "PNA S11": {
            "real": -0.3916019,
            "imag": 0.6033998
        },
        "PNA Gamma Load": {
            "real": -0.45170705023849955,
            "imag": 0.5607676736780026
        }
    },
    "Load Point: (-0.896575228282571+0.07844016847289238j)_0": {
        "load_gamma": {
            "real": -0.896575228282571,
            "imag": 0.07844016847289238
        },
        "PNA S11": {
            "real": -0.6600637,
            "imag": 0.2409268
        },
        "PNA Gamma Load": {
            "real": -0.6839240712202302,
            "imag": 0.1728949743983578
        }
    }
}