{
    "Date and Time": "2025-07-07_13_51",
    "Configuration": {
        "Frequency": [
            8,
            8.2,
            8.4,
            8.6,
            8.8,
            9,
            9.2,
            9.4,
            9.6,
            9.8,
            10,
            10.2,
            10.4,
            10.6,
            10.8,
            11,
            11.2,
            11.4,
            11.6,
            11.8,
            12
        ],
        "Sweep Type": "Gamma",
        "Gamma Magnitude List": [
            0.9
        ],
        "Gamma Phase List": [
            -175.0,
            -140.0,
            -105.0,
            -70.0,
            -35.0,
            0.0,
            35.0,
            70.0,
            105.0,
            140.0,
            175.0
        ],
        "Rectangular Offset [x,y]": [
            0,
            0
        ],
        "Real Impedance List": [],
        "Imaginary Impedance List": [],
        "PNA": {
            "IP address": "Defined in script GPIB",
            "Input port": "1",
            "Output port": "2"
        },
        "Load Tuner": {
            "Tuner SN": "3002",
            "Timeout": 1000,
            "Port": 5030,
            "Print Statements": 0,
            "Tuner Calibration File": "C:\\Users\\grgo8200\\Documents\\AFRL_Testbench\\data\\tunercal\\MT982AU06_3002.tunx"
        },
        "Comments": ""
    },
    "Load Point: (-0.896575228282571-0.07844016847289238j)_0": {
        "load_gamma": {
            "real": -0.896575228282571,
            "imag": -0.07844016847289238
        },
        "PNA S11": {
            "real": -0.3465282,
            "imag": 0.6089817
        },
        "PNA Gamma Load": {
            "real": -0.4045715899003181,
            "imag": 0.5731592646486356
        }
    },
    "Load Point: (-0.6894399988070802-0.5785088487178855j)_0": {
        "load_gamma": {
            "real": -0.6894399988070802,
            "imag": -0.5785088487178855
        },
        "PNA S11": {
            "real": -0.6667312,
            "imag": 0.2532148
        },
        "PNA Gamma Load": {
            "real": -0.6909198434885202,
            "imag": 0.18800701443909612
        }
    },
    "Load Point: (-0.23293714059226878-0.8693332436601615j)_0": {
        "load_gamma": {
            "real": -0.23293714059226878,
            "imag": -0.8693332436601615
        },
        "PNA S11": {
            "real": -0.6700879,
            "imag": -0.2216466
        },
        "PNA Gamma Load": {
            "real": -0.6506001549482467,
            "imag": -0.2860672351515313
        }
    },
    "Load Point: (0.30781812899310196-0.8457233587073175j)_0": {
        "load_gamma": {
            "real": 0.30781812899310196,
            "imag": -0.8457233587073175
        },
        "PNA S11": {
            "real": -0.3922748,
            "imag": -0.5606871
        },
        "PNA Gamma Load": {
            "real": -0.34302874003343625,
            "imag": -0.5990605892426533
        }
    },
    "Load Point: (0.7372368398600926-0.5162187927159415j)_0": {
        "load_gamma": {
            "real": 0.7372368398600926,
            "imag": -0.5162187927159415
        },
        "PNA S11": {
            "real": -0.01267511,
            "imag": -0.6596574
        },
        "PNA Gamma Load": {
            "real": 0.0453723338082215,
            "imag": -0.663651252958026
        }
    },
    "Load Point: (0.9+0j)_0": {
        "load_gamma": {
            "real": 0.9,
            "imag": 0.0
        },
        "PNA S11": {
            "real": 0.3247059,
            "imag": -0.5518234
        },
        "PNA Gamma Load": {
            "real": 0.37282024623388704,
            "imag": -0.5257689401605137
        }
    },
    "Load Point: (0.7372368398600926+0.5162187927159415j)_0": {
        "load_gamma": {
            "real": 0.7372368398600926,
            "imag": 0.5162187927159415
        },
        "PNA S11": {
            "real": 0.5533894,
            "imag": -0.2919187
        },
        "PNA Gamma Load": {
            "real": 0.5781453838992858,
            "imag": -0.2452859792621949
        }
    },
    "Load Point: (0.30781812899310196+0.8457233587073175j)_0": {
        "load_gamma": {
            "real": 0.30781812899310196,
            "imag": 0.8457233587073175
        },
        "PNA S11": {
            "real": 0.6260109,
            "imag": 0.03907859
        },
        "PNA Gamma Load": {
            "real": 0.6209466622364509,
            "imag": 0.0924753199937595
        }
    },
    "Load Point: (-0.23293714059226878+0.8693332436601615j)_0": {
        "load_gamma": {
            "real": -0.23293714059226878,
            "imag": 0.8693332436601615
        },
        "PNA S11": {
            "real": 0.5182698,
            "imag": 0.3791101
        },
        "PNA Gamma Load": {
            "real": 0.4821958771694843,
            "imag": 0.423194972180058
        }
    },
    "Load Point: (-0.6894399988070802+0.5785088487178855j)_0": {
        "load_gamma": {
            "real": -0.6894399988070802,
            "imag": 0.5785088487178855
        },
        "PNA S11": {
            "real": 0.2207525,
            "imag": 0.6298684
        },
        "PNA Gamma Load": {
            "real": 0.1611832918217174,
            "imag": 0.6468156190555472
        }
    },
    "Load Point: (-0.896575228282571+0.07844016847289238j)_0": {
        "load_gamma": {
            "real": -0.896575228282571,
            "imag": 0.07844016847289238
        },
        "PNA S11": {
            "real": -0.21659,
            "imag": 0.6594049
        },
        "PNA Gamma Load": {
            "real": -0.2793179102272543,
            "imag": 0.6357983746437144
        }
    }
}