{
    "Date and Time": "2025-07-07_13_51",
    "Configuration": {
        "Frequency": [
            8,
            8.2,
            8.4,
            8.6,
            8.8,
            9,
            9.2,
            9.4,
            9.6,
            9.8,
            10,
            10.2,
            10.4,
            10.6,
            10.8,
            11,
            11.2,
            11.4,
            11.6,
            11.8,
            12
        ],
        "Sweep Type": "Gamma",
        "Gamma Magnitude List": [
            0.9
        ],
        "Gamma Phase List": [
            -175.0,
            -140.0,
            -105.0,
            -70.0,
            -35.0,
            0.0,
            35.0,
            70.0,
            105.0,
            140.0,
            175.0
        ],
        "Rectangular Offset [x,y]": [
            0,
            0
        ],
        "Real Impedance List": [],
        "Imaginary Impedance List": [],
        "PNA": {
            "IP address": "Defined in script GPIB",
            "Input port": "1",
            "Output port": "2"
        },
        "Load Tuner": {
            "Tuner SN": "3002",
            "Timeout": 1000,
            "Port": 5030,
            "Print Statements": 0,
            "Tuner Calibration File": "C:\\Users\\grgo8200\\Documents\\AFRL_Testbench\\data\\tunercal\\MT982AU06_3002.tunx"
        },
        "Comments": ""
    },
    "Load Point: (-0.896575228282571-0.07844016847289238j)_0": {
        "load_gamma": {
            "real": -0.896575228282571,
            "imag": -0.07844016847289238
        },
        "PNA S11": {
            "real": -0.5928175,
            "imag": 0.1711037
        },
        "PNA Gamma Load": {
            "real": -0.6102657296219843,
            "imag": 0.09784911889063727
        }
    },
    "Load Point: (-0.6894399988070802-0.5785088487178855j)_0": {
        "load_gamma": {
            "real": -0.6894399988070802,
            "imag": -0.5785088487178855
        },
        "PNA S11": {
            "real": -0.5550966,
            "imag": -0.222711
        },
        "PNA Gamma Load": {
            "real": -0.5273984194962218,
            "imag": -0.28932030512511986
        }
    },
    "Load Point: (-0.23293714059226878-0.8693332436601615j)_0": {
        "load_gamma": {
            "real": -0.23293714059226878,
            "imag": -0.8693332436601615
        },
        "PNA S11": {
            "real": -0.3150367,
            "imag": -0.5145787
        },
        "PNA Gamma Load": {
            "real": -0.2564008392615158,
            "imag": -0.5521701016553955
        }
    },
    "Load Point: (0.30781812899310196-0.8457233587073175j)_0": {
        "load_gamma": {
            "real": 0.30781812899310196,
            "imag": -0.8457233587073175
        },
        "PNA S11": {
            "real": 0.04082255,
            "imag": -0.625494
        },
        "PNA Gamma Load": {
            "real": 0.10878389616290986,
            "imag": -0.6226477115359219
        }
    },
    "Load Point: (0.7372368398600926-0.5162187927159415j)_0": {
        "load_gamma": {
            "real": 0.7372368398600926,
            "imag": -0.5162187927159415
        },
        "PNA S11": {
            "real": 0.3935146,
            "imag": -0.5320671
        },
        "PNA Gamma Load": {
            "real": 0.44868581113004746,
            "imag": -0.4919847731605891
        }
    },
    "Load Point: (0.9+0j)_0": {
        "load_gamma": {
            "real": 0.9,
            "imag": 0.0
        },
        "PNA S11": {
            "real": 0.6463051,
            "imag": -0.2550427
        },
        "PNA Gamma Load": {
            "real": 0.6707070815630641,
            "imag": -0.18944808049098086
        }
    },
    "Load Point: (0.7372368398600926+0.5162187927159415j)_0": {
        "load_gamma": {
            "real": 0.7372368398600926,
            "imag": 0.5162187927159415
        },
        "PNA S11": {
            "real": 0.7052047,
            "imag": 0.127361
        },
        "PNA Gamma Load": {
            "real": 0.6886760642364183,
            "imag": 0.1980997573738232
        }
    },
    "Load Point: (0.30781812899310196+0.8457233587073175j)_0": {
        "load_gamma": {
            "real": 0.30781812899310196,
            "imag": 0.8457233587073175
        },
        "PNA S11": {
            "real": 0.5270522,
            "imag": 0.4947859
        },
        "PNA Gamma Load": {
            "real": 0.4708278256389582,
            "imag": 0.5460540790380197
        }
    },
    "Load Point: (-0.23293714059226878+0.8693332436601615j)_0": {
        "load_gamma": {
            "real": -0.23293714059226878,
            "imag": 0.8693332436601615
        },
        "PNA S11": {
            "real": 0.1429992,
            "imag": 0.6903299
        },
        "PNA Gamma Load": {
            "real": 0.065216410808735,
            "imag": 0.6991976312467758
        }
    },
    "Load Point: (-0.6894399988070802+0.5785088487178855j)_0": {
        "load_gamma": {
            "real": -0.6894399988070802,
            "imag": 0.5785088487178855
        },
        "PNA S11": {
            "real": -0.284825,
            "imag": 0.6031638
        },
        "PNA Gamma Load": {
            "real": -0.3526088371172975,
            "imag": 0.5639700846509721
        }
    },
    "Load Point: (-0.896575228282571+0.07844016847289238j)_0": {
        "load_gamma": {
            "real": -0.896575228282571,
            "imag": 0.07844016847289238
        },
        "PNA S11": {
            "real": -0.5577568,
            "imag": 0.2857282
        },
        "PNA Gamma Load": {
            "real": -0.5884523202952665,
            "imag": 0.21577402039113155
        }
    }
}