{
    "Date and Time": "2025-07-07_13_51",
    "Configuration": {
        "Frequency": [
            8,
            8.2,
            8.4,
            8.6,
            8.8,
            9,
            9.2,
            9.4,
            9.6,
            9.8,
            10,
            10.2,
            10.4,
            10.6,
            10.8,
            11,
            11.2,
            11.4,
            11.6,
            11.8,
            12
        ],
        "Sweep Type": "Gamma",
        "Gamma Magnitude List": [
            0.9
        ],
        "Gamma Phase List": [
            -175.0,
            -140.0,
            -105.0,
            -70.0,
            -35.0,
            0.0,
            35.0,
            70.0,
            105.0,
            140.0,
            175.0
        ],
        "Rectangular Offset [x,y]": [
            0,
            0
        ],
        "Real Impedance List": [],
        "Imaginary Impedance List": [],
        "PNA": {
            "IP address": "Defined in script GPIB",
            "Input port": "1",
            "Output port": "2"
        },
        "Load Tuner": {
            "Tuner SN": "3002",
            "Timeout": 1000,
            "Port": 5030,
            "Print Statements": 0,
            "Tuner Calibration File": "C:\\Users\\grgo8200\\Documents\\AFRL_Testbench\\data\\tunercal\\MT982AU06_3002.tunx"
        },
        "Comments": ""
    },
    "Load Point: (-0.896575228282571-0.07844016847289238j)_0": {
        "load_gamma": {
            "real": -0.896575228282571,
            "imag": -0.07844016847289238
        },
        "PNA S11": {
            "real": -0.5698171,
            "imag": 0.3856054
        },
        "PNA Gamma Load": {
            "real": -0.6086552869327415,
            "imag": 0.32443912841789596
        }
    },
    "Load Point: (-0.6894399988070802-0.5785088487178855j)_0": {
        "load_gamma": {
            "real": -0.6894399988070802,
            "imag": -0.5785088487178855
        },
        "PNA S11": {
            "real": -0.6486155,
            "imag": -0.03348235
        },
        "PNA Gamma Load": {
            "real": -0.6445944831437372,
            "imag": -0.10126416915122337
        }
    },
    "Load Point: (-0.23293714059226878-0.8693332436601615j)_0": {
        "load_gamma": {
            "real": -0.23293714059226878,
            "imag": -0.8693332436601615
        },
        "PNA S11": {
            "real": -0.4825818,
            "imag": -0.3847031
        },
        "PNA Gamma Load": {
            "real": -0.4437065370438311,
            "imag": -0.43417396982053463
        }
    },
    "Load Point: (0.30781812899310196-0.8457233587073175j)_0": {
        "load_gamma": {
            "real": 0.30781812899310196,
            "imag": -0.8457233587073175
        },
        "PNA S11": {
            "real": -0.1777448,
            "imag": -0.574116
        },
        "PNA Gamma Load": {
            "real": -0.1214170698645061,
            "imag": -0.5924951328435009
        }
    },
    "Load Point: (0.7372368398600926-0.5162187927159415j)_0": {
        "load_gamma": {
            "real": 0.7372368398600926,
            "imag": -0.5162187927159415
        },
        "PNA S11": {
            "real": 0.1599875,
            "imag": -0.5816297
        },
        "PNA Gamma Load": {
            "real": 0.2157724754098724,
            "imag": -0.5670119490752115
        }
    },
    "Load Point: (0.9+0j)_0": {
        "load_gamma": {
            "real": 0.9,
            "imag": 0.0
        },
        "PNA S11": {
            "real": 0.4584793,
            "imag": -0.42018
        },
        "PNA Gamma Load": {
            "real": 0.49772474370442515,
            "imag": -0.37724595627468166
        }
    },
    "Load Point: (0.7372368398600926+0.5162187927159415j)_0": {
        "load_gamma": {
            "real": 0.7372368398600926,
            "imag": 0.5162187927159415
        },
        "PNA S11": {
            "real": 0.6423465,
            "imag": -0.1188019
        },
        "PNA Gamma Load": {
            "real": 0.6525505320693715,
            "imag": -0.05849357553418526
        }
    },
    "Load Point: (0.30781812899310196+0.8457233587073175j)_0": {
        "load_gamma": {
            "real": 0.30781812899310196,
            "imag": 0.8457233587073175
        },
        "PNA S11": {
            "real": 0.6356909,
            "imag": 0.2708813
        },
        "PNA Gamma Load": {
            "real": 0.6080429641702321,
            "imag": 0.33105380668248374
        }
    },
    "Load Point: (-0.23293714059226878+0.8693332436601615j)_0": {
        "load_gamma": {
            "real": -0.23293714059226878,
            "imag": 0.8693332436601615
        },
        "PNA S11": {
            "real": 0.3726131,
            "imag": 0.6174514
        },
        "PNA Gamma Load": {
            "real": 0.3104982516387348,
            "imag": 0.6520229818157772
        }
    },
    "Load Point: (-0.6894399988070802+0.5785088487178855j)_0": {
        "load_gamma": {
            "real": -0.6894399988070802,
            "imag": 0.5785088487178855
        },
        "PNA S11": {
            "real": -0.08781148,
            "imag": 0.7184802
        },
        "PNA Gamma Load": {
            "real": -0.16113098196524178,
            "imag": 0.706730812230446
        }
    },
    "Load Point: (-0.896575228282571+0.07844016847289238j)_0": {
        "load_gamma": {
            "real": -0.896575228282571,
            "imag": 0.07844016847289238
        },
        "PNA S11": {
            "real": -0.4940391,
            "imag": 0.4943828
        },
        "PNA Gamma Load": {
            "real": -0.5441273517989695,
            "imag": 0.44063421771874106
        }
    }
}