{
    "Date and Time": "2025-07-07_13_51",
    "Configuration": {
        "Frequency": [
            8,
            8.2,
            8.4,
            8.6,
            8.8,
            9,
            9.2,
            9.4,
            9.6,
            9.8,
            10,
            10.2,
            10.4,
            10.6,
            10.8,
            11,
            11.2,
            11.4,
            11.6,
            11.8,
            12
        ],
        "Sweep Type": "Gamma",
        "Gamma Magnitude List": [
            0.9
        ],
        "Gamma Phase List": [
            -175.0,
            -140.0,
            -105.0,
            -70.0,
            -35.0,
            0.0,
            35.0,
            70.0,
            105.0,
            140.0,
            175.0
        ],
        "Rectangular Offset [x,y]": [
            0,
            0
        ],
        "Real Impedance List": [],
        "Imaginary Impedance List": [],
        "PNA": {
            "IP address": "Defined in script GPIB",
            "Input port": "1",
            "Output port": "2"
        },
        "Load Tuner": {
            "Tuner SN": "3002",
            "Timeout": 1000,
            "Port": 5030,
            "Print Statements": 0,
            "Tuner Calibration File": "C:\\Users\\grgo8200\\Documents\\AFRL_Testbench\\data\\tunercal\\MT982AU06_3002.tunx"
        },
        "Comments": ""
    },
    "Load Point: (-0.896575228282571-0.07844016847289238j)_0": {
        "load_gamma": {
            "real": -0.896575228282571,
            "imag": -0.07844016847289238
        },
        "PNA S11": {
            "real": -0.5196989,
            "imag": 0.4523172
        },
        "PNA Gamma Load": {
            "real": -0.5672457839857172,
            "imag": 0.3918073827259504
        }
    },
    "Load Point: (-0.6894399988070802-0.5785088487178855j)_0": {
        "load_gamma": {
            "real": -0.6894399988070802,
            "imag": -0.5785088487178855
        },
        "PNA S11": {
            "real": -0.6483691,
            "imag": 0.06889752
        },
        "PNA Gamma Load": {
            "real": -0.6537228454304704,
            "imag": -0.003925848721343245
        }
    },
    "Load Point: (-0.23293714059226878-0.8693332436601615j)_0": {
        "load_gamma": {
            "real": -0.23293714059226878,
            "imag": -0.8693332436601615
        },
        "PNA S11": {
            "real": -0.5619059,
            "imag": -0.2715062
        },
        "PNA Gamma Load": {
            "real": -0.5312626025968971,
            "imag": -0.3335997547938559
        }
    },
    "Load Point: (0.30781812899310196-0.8457233587073175j)_0": {
        "load_gamma": {
            "real": 0.30781812899310196,
            "imag": -0.8457233587073175
        },
        "PNA S11": {
            "real": -0.3415061,
            "imag": -0.5032992
        },
        "PNA Gamma Load": {
            "real": -0.28792303627458915,
            "imag": -0.5404013167140729
        }
    },
    "Load Point: (0.7372368398600926-0.5162187927159415j)_0": {
        "load_gamma": {
            "real": 0.7372368398600926,
            "imag": -0.5162187927159415
        },
        "PNA S11": {
            "real": -0.04945663,
            "imag": -0.6047384
        },
        "PNA Gamma Load": {
            "real": 0.012633724262869642,
            "imag": -0.610746258641077
        }
    },
    "Load Point: (0.9+0j)_0": {
        "load_gamma": {
            "real": 0.9,
            "imag": 0.0
        },
        "PNA S11": {
            "real": 0.2605815,
            "imag": -0.5596302
        },
        "PNA Gamma Load": {
            "real": 0.31589664553100355,
            "imag": -0.5349148611051089
        }
    },
    "Load Point: (0.7372368398600926+0.5162187927159415j)_0": {
        "load_gamma": {
            "real": 0.7372368398600926,
            "imag": 0.5162187927159415
        },
        "PNA S11": {
            "real": 0.5430051,
            "imag": -0.3412633
        },
        "PNA Gamma Load": {
            "real": 0.5755997562656043,
            "imag": -0.28923434934704834
        }
    },
    "Load Point: (0.30781812899310196+0.8457233587073175j)_0": {
        "load_gamma": {
            "real": 0.30781812899310196,
            "imag": 0.8457233587073175
        },
        "PNA S11": {
            "real": 0.6734911,
            "imag": 0.06254923
        },
        "PNA Gamma Load": {
            "real": 0.665710916194475,
            "imag": 0.12719717677291947
        }
    },
    "Load Point: (-0.23293714059226878+0.8693332436601615j)_0": {
        "load_gamma": {
            "real": -0.23293714059226878,
            "imag": 0.8693332436601615
        },
        "PNA S11": {
            "real": 0.4785582,
            "imag": 0.5250918
        },
        "PNA Gamma Load": {
            "real": 0.42329907755582163,
            "imag": 0.570559108559643
        }
    },
    "Load Point: (-0.6894399988070802+0.5785088487178855j)_0": {
        "load_gamma": {
            "real": -0.6894399988070802,
            "imag": 0.5785088487178855
        },
        "PNA S11": {
            "real": 0.0007674707,
            "imag": 0.7200533
        },
        "PNA Gamma Load": {
            "real": -0.07584492727536105,
            "imag": 0.7157282155544589
        }
    },
    "Load Point: (-0.896575228282571+0.07844016847289238j)_0": {
        "load_gamma": {
            "real": -0.896575228282571,
            "imag": 0.07844016847289238
        },
        "PNA S11": {
            "real": -0.4352502,
            "imag": 0.5461149
        },
        "PNA Gamma Load": {
            "real": -0.4929887789463629,
            "imag": 0.4945452678797881
        }
    }
}