{
    "Date and Time": "2025-07-07_13_51",
    "Configuration": {
        "Frequency": [
            8,
            8.2,
            8.4,
            8.6,
            8.8,
            9,
            9.2,
            9.4,
            9.6,
            9.8,
            10,
            10.2,
            10.4,
            10.6,
            10.8,
            11,
            11.2,
            11.4,
            11.6,
            11.8,
            12
        ],
        "Sweep Type": "Gamma",
        "Gamma Magnitude List": [
            0.9
        ],
        "Gamma Phase List": [
            -175.0,
            -140.0,
            -105.0,
            -70.0,
            -35.0,
            0.0,
            35.0,
            70.0,
            105.0,
            140.0,
            175.0
        ],
        "Rectangular Offset [x,y]": [
            0,
            0
        ],
        "Real Impedance List": [],
        "Imaginary Impedance List": [],
        "PNA": {
            "IP address": "Defined in script GPIB",
            "Input port": "1",
            "Output port": "2"
        },
        "Load Tuner": {
            "Tuner SN": "3002",
            "Timeout": 1000,
            "Port": 5030,
            "Print Statements": 0,
            "Tuner Calibration File": "C:\\Users\\grgo8200\\Documents\\AFRL_Testbench\\data\\tunercal\\MT982AU06_3002.tunx"
        },
        "Comments": ""
    },
    "Load Point: (-0.896575228282571-0.07844016847289238j)_0": {
        "load_gamma": {
            "real": -0.896575228282571,
            "imag": -0.07844016847289238
        },
        "PNA S11": {
            "real": -0.2397919,
            "imag": 0.6059968
        },
        "PNA Gamma Load": {
            "real": -0.3117999368394251,
            "imag": 0.5697781376444557
        }
    },
    "Load Point: (-0.6894399988070802-0.5785088487178855j)_0": {
        "load_gamma": {
            "real": -0.6894399988070802,
            "imag": -0.5785088487178855
        },
        "PNA S11": {
            "real": -0.5227053,
            "imag": 0.3145802
        },
        "PNA Gamma Load": {
            "real": -0.5591904477764164,
            "imag": 0.24435841694646523
        }
    },
    "Load Point: (-0.23293714059226878-0.8693332436601615j)_0": {
        "load_gamma": {
            "real": -0.23293714059226878,
            "imag": -0.8693332436601615
        },
        "PNA S11": {
            "real": -0.5750884,
            "imag": -0.1210522
        },
        "PNA Gamma Load": {
            "real": -0.5578130557707999,
            "imag": -0.19510097770368548
        }
    },
    "Load Point: (0.30781812899310196-0.8457233587073175j)_0": {
        "load_gamma": {
            "real": 0.30781812899310196,
            "imag": -0.8457233587073175
        },
        "PNA S11": {
            "real": -0.3303044,
            "imag": -0.504295
        },
        "PNA Gamma Load": {
            "real": -0.26932934966234484,
            "imag": -0.5454024647755868
        }
    },
    "Load Point: (0.7372368398600926-0.5162187927159415j)_0": {
        "load_gamma": {
            "real": 0.7372368398600926,
            "imag": -0.5162187927159415
        },
        "PNA S11": {
            "real": 0.09367768,
            "imag": -0.640128
        },
        "PNA Gamma Load": {
            "real": 0.1665306880686086,
            "imag": -0.6307641911272197
        }
    },
    "Load Point: (0.9+0j)_0": {
        "load_gamma": {
            "real": 0.9,
            "imag": 0.0
        },
        "PNA S11": {
            "real": 0.4814692,
            "imag": -0.498038
        },
        "PNA Gamma Load": {
            "real": 0.5348549625288255,
            "imag": -0.44567447455612363
        }
    },
    "Load Point: (0.7372368398600926+0.5162187927159415j)_0": {
        "load_gamma": {
            "real": 0.7372368398600926,
            "imag": 0.5162187927159415
        },
        "PNA S11": {
            "real": 0.6997524,
            "imag": -0.180543
        },
        "PNA Gamma Load": {
            "real": 0.7164932396275387,
            "imag": -0.10595998599200351
        }
    },
    "Load Point: (0.30781812899310196+0.8457233587073175j)_0": {
        "load_gamma": {
            "real": 0.30781812899310196,
            "imag": 0.8457233587073175
        },
        "PNA S11": {
            "real": 0.7129046,
            "imag": 0.1744348
        },
        "PNA Gamma Load": {
            "real": 0.689987838293893,
            "imag": 0.2494834952538515
        }
    },
    "Load Point: (-0.23293714059226878+0.8693332436601615j)_0": {
        "load_gamma": {
            "real": -0.23293714059226878,
            "imag": 0.8693332436601615
        },
        "PNA S11": {
            "real": 0.5418965,
            "imag": 0.4830496
        },
        "PNA Gamma Load": {
            "real": 0.4842196697150728,
            "imag": 0.5387650604451655
        }
    },
    "Load Point: (-0.6894399988070802+0.5785088487178855j)_0": {
        "load_gamma": {
            "real": -0.6894399988070802,
            "imag": 0.5785088487178855
        },
        "PNA S11": {
            "real": 0.2350953,
            "imag": 0.6611165
        },
        "PNA Gamma Load": {
            "real": 0.1567783581147729,
            "imag": 0.6816484982074058
        }
    },
    "Load Point: (-0.896575228282571+0.07844016847289238j)_0": {
        "load_gamma": {
            "real": -0.896575228282571,
            "imag": 0.07844016847289238
        },
        "PNA S11": {
            "real": -0.1365391,
            "imag": 0.6497936
        },
        "PNA Gamma Load": {
            "real": -0.21403865353532375,
            "imag": 0.626078917145131
        }
    }
}