{
    "Date and Time": "2025-07-07_13_51",
    "Configuration": {
        "Frequency": [
            8,
            8.2,
            8.4,
            8.6,
            8.8,
            9,
            9.2,
            9.4,
            9.6,
            9.8,
            10,
            10.2,
            10.4,
            10.6,
            10.8,
            11,
            11.2,
            11.4,
            11.6,
            11.8,
            12
        ],
        "Sweep Type": "Gamma",
        "Gamma Magnitude List": [
            0.9
        ],
        "Gamma Phase List": [
            -175.0,
            -140.0,
            -105.0,
            -70.0,
            -35.0,
            0.0,
            35.0,
            70.0,
            105.0,
            140.0,
            175.0
        ],
        "Rectangular Offset [x,y]": [
            0,
            0
        ],
        "Real Impedance List": [],
        "Imaginary Impedance List": [],
        "PNA": {
            "IP address": "Defined in script GPIB",
            "Input port": "1",
            "Output port": "2"
        },
        "Load Tuner": {
            "Tuner SN": "3002",
            "Timeout": 1000,
            "Port": 5030,
            "Print Statements": 0,
            "Tuner Calibration File": "C:\\Users\\grgo8200\\Documents\\AFRL_Testbench\\data\\tunercal\\MT982AU06_3002.tunx"
        },
        "Comments": ""
    },
    "Load Point: (-0.896575228282571-0.07844016847289238j)_0": {
        "load_gamma": {
            "real": -0.896575228282571,
            "imag": -0.07844016847289238
        },
        "PNA S11": {
            "real": -0.5616201,
            "imag": 0.3989103
        },
        "PNA Gamma Load": {
            "real": -0.6003621486527936,
            "imag": 0.3459071393772691
        }
    },
    "Load Point: (-0.6894399988070802-0.5785088487178855j)_0": {
        "load_gamma": {
            "real": -0.6894399988070802,
            "imag": -0.5785088487178855
        },
        "PNA S11": {
            "real": -0.7043337,
            "imag": -0.0282252
        },
        "PNA Gamma Load": {
            "real": -0.7040823528441245,
            "imag": -0.09398165246363618
        }
    },
    "Load Point: (-0.23293714059226878-0.8693332436601615j)_0": {
        "load_gamma": {
            "real": -0.23293714059226878,
            "imag": -0.8693332436601615
        },
        "PNA S11": {
            "real": -0.5474652,
            "imag": -0.4477783
        },
        "PNA Gamma Load": {
            "real": -0.5095901257825001,
            "imag": -0.4987044694548469
        }
    },
    "Load Point: (0.30781812899310196-0.8457233587073175j)_0": {
        "load_gamma": {
            "real": 0.30781812899310196,
            "imag": -0.8457233587073175
        },
        "PNA S11": {
            "real": -0.1792664,
            "imag": -0.6720279
        },
        "PNA Gamma Load": {
            "real": -0.1222857245262188,
            "imag": -0.6895986434576488
        }
    },
    "Load Point: (0.7372368398600926-0.5162187927159415j)_0": {
        "load_gamma": {
            "real": 0.7372368398600926,
            "imag": -0.5162187927159415
        },
        "PNA S11": {
            "real": 0.2279962,
            "imag": -0.6348289
        },
        "PNA Gamma Load": {
            "real": 0.2808186314907218,
            "imag": -0.6168937911128284
        }
    },
    "Load Point: (0.9+0j)_0": {
        "load_gamma": {
            "real": 0.9,
            "imag": 0.0
        },
        "PNA S11": {
            "real": 0.5240846,
            "imag": -0.3936084
        },
        "PNA Gamma Load": {
            "real": 0.555669514975236,
            "imag": -0.35040042772123253
        }
    },
    "Load Point: (0.7372368398600926+0.5162187927159415j)_0": {
        "load_gamma": {
            "real": 0.7372368398600926,
            "imag": 0.5162187927159415
        },
        "PNA S11": {
            "real": 0.6404497,
            "imag": -0.04229449
        },
        "PNA Gamma Load": {
            "real": 0.6414345745157102,
            "imag": 0.011533855711383614
        }
    },
    "Load Point: (0.30781812899310196+0.8457233587073175j)_0": {
        "load_gamma": {
            "real": 0.30781812899310196,
            "imag": 0.8457233587073175
        },
        "PNA S11": {
            "real": 0.5613756,
            "imag": 0.306423
        },
        "PNA Gamma Load": {
            "real": 0.531990622721391,
            "imag": 0.3533697035531914
        }
    },
    "Load Point: (-0.23293714059226878+0.8693332436601615j)_0": {
        "load_gamma": {
            "real": -0.23293714059226878,
            "imag": 0.8693332436601615
        },
        "PNA S11": {
            "real": 0.2991191,
            "imag": 0.5719191
        },
        "PNA Gamma Load": {
            "real": 0.2459233890116486,
            "imag": 0.5962901959880594
        }
    },
    "Load Point: (-0.6894399988070802+0.5785088487178855j)_0": {
        "load_gamma": {
            "real": -0.6894399988070802,
            "imag": 0.5785088487178855
        },
        "PNA S11": {
            "real": -0.08526394,
            "imag": 0.655825
        },
        "PNA Gamma Load": {
            "real": -0.1465585603613536,
            "imag": 0.646166809586311
        }
    },
    "Load Point: (-0.896575228282571+0.07844016847289238j)_0": {
        "load_gamma": {
            "real": -0.896575228282571,
            "imag": 0.07844016847289238
        },
        "PNA S11": {
            "real": -0.4735067,
            "imag": 0.4922985
        },
        "PNA Gamma Load": {
            "real": -0.5209857914574139,
            "imag": 0.44726888721431757
        }
    }
}