{
    "Date and Time": "2025-07-07_13_51",
    "Configuration": {
        "Frequency": [
            8,
            8.2,
            8.4,
            8.6,
            8.8,
            9,
            9.2,
            9.4,
            9.6,
            9.8,
            10,
            10.2,
            10.4,
            10.6,
            10.8,
            11,
            11.2,
            11.4,
            11.6,
            11.8,
            12
        ],
        "Sweep Type": "Gamma",
        "Gamma Magnitude List": [
            0.9
        ],
        "Gamma Phase List": [
            -175.0,
            -140.0,
            -105.0,
            -70.0,
            -35.0,
            0.0,
            35.0,
            70.0,
            105.0,
            140.0,
            175.0
        ],
        "Rectangular Offset [x,y]": [
            0,
            0
        ],
        "Real Impedance List": [],
        "Imaginary Impedance List": [],
        "PNA": {
            "IP address": "Defined in script GPIB",
            "Input port": "1",
            "Output port": "2"
        },
        "Load Tuner": {
            "Tuner SN": "3002",
            "Timeout": 1000,
            "Port": 5030,
            "Print Statements": 0,
            "Tuner Calibration File": "C:\\Users\\grgo8200\\Documents\\AFRL_Testbench\\data\\tunercal\\MT982AU06_3002.tunx"
        },
        "Comments": ""
    },
    "Load Point: (-0.896575228282571-0.07844016847289238j)_0": {
        "load_gamma": {
            "real": -0.896575228282571,
            "imag": -0.07844016847289238
        },
        "PNA S11": {
            "real": -0.6803204,
            "imag": -0.05823565
        },
        "PNA Gamma Load": {
            "real": -0.6753592236836812,
            "imag": -0.12592358930903852
        }
    },
    "Load Point: (-0.6894399988070802-0.5785088487178855j)_0": {
        "load_gamma": {
            "real": -0.6894399988070802,
            "imag": -0.5785088487178855
        },
        "PNA S11": {
            "real": -0.4258637,
            "imag": -0.4845498
        },
        "PNA Gamma Load": {
            "real": -0.38083457431577705,
            "imag": -0.52676270187682
        }
    },
    "Load Point: (-0.23293714059226878-0.8693332436601615j)_0": {
        "load_gamma": {
            "real": -0.23293714059226878,
            "imag": -0.8693332436601615
        },
        "PNA S11": {
            "real": -0.005254466,
            "imag": -0.6209338
        },
        "PNA Gamma Load": {
            "real": 0.051614155855002855,
            "imag": -0.6235534886533417
        }
    },
    "Load Point: (0.30781812899310196-0.8457233587073175j)_0": {
        "load_gamma": {
            "real": 0.30781812899310196,
            "imag": -0.8457233587073175
        },
        "PNA S11": {
            "real": 0.3560888,
            "imag": -0.5032547
        },
        "PNA Gamma Load": {
            "real": 0.4015478110928559,
            "imag": -0.472233050603647
        }
    },
    "Load Point: (0.7372368398600926-0.5162187927159415j)_0": {
        "load_gamma": {
            "real": 0.7372368398600926,
            "imag": -0.5162187927159415
        },
        "PNA S11": {
            "real": 0.5772644,
            "imag": -0.2459539
        },
        "PNA Gamma Load": {
            "real": 0.59869874030236,
            "imag": -0.1945343066878828
        }
    },
    "Load Point: (0.9+0j)_0": {
        "load_gamma": {
            "real": 0.9,
            "imag": 0.0
        },
        "PNA S11": {
            "real": 0.6442467,
            "imag": 0.06262382
        },
        "PNA Gamma Load": {
            "real": 0.6369338121723113,
            "imag": 0.120325943630232
        }
    },
    "Load Point: (0.7372368398600926+0.5162187927159415j)_0": {
        "load_gamma": {
            "real": 0.7372368398600926,
            "imag": 0.5162187927159415
        },
        "PNA S11": {
            "real": 0.5561312,
            "imag": 0.3739263
        },
        "PNA Gamma Load": {
            "real": 0.5196428013134559,
            "imag": 0.4238443778707633
        }
    },
    "Load Point: (0.30781812899310196+0.8457233587073175j)_0": {
        "load_gamma": {
            "real": 0.30781812899310196,
            "imag": 0.8457233587073175
        },
        "PNA S11": {
            "real": 0.3231187,
            "imag": 0.6163214
        },
        "PNA Gamma Load": {
            "real": 0.2630775506825811,
            "imag": 0.6442534932853197
        }
    },
    "Load Point: (-0.23293714059226878+0.8693332436601615j)_0": {
        "load_gamma": {
            "real": -0.23293714059226878,
            "imag": 0.8693332436601615
        },
        "PNA S11": {
            "real": -0.05158056,
            "imag": 0.7131032
        },
        "PNA Gamma Load": {
            "real": -0.12106377559257471,
            "imag": 0.7054686180416847
        }
    },
    "Load Point: (-0.6894399988070802+0.5785088487178855j)_0": {
        "load_gamma": {
            "real": -0.6894399988070802,
            "imag": 0.5785088487178855
        },
        "PNA S11": {
            "real": -0.4659497,
            "imag": 0.5457964
        },
        "PNA Gamma Load": {
            "real": -0.5195883846701894,
            "imag": 0.49800607465157815
        }
    },
    "Load Point: (-0.896575228282571+0.07844016847289238j)_0": {
        "load_gamma": {
            "real": -0.896575228282571,
            "imag": 0.07844016847289238
        },
        "PNA S11": {
            "real": -0.6872506,
            "imag": 0.09219353
        },
        "PNA Gamma Load": {
            "real": -0.6968132883805924,
            "imag": 0.023764692362858046
        }
    }
}