{
    "Date and Time": "2025-07-07_13_51",
    "Configuration": {
        "Frequency": [
            8,
            8.2,
            8.4,
            8.6,
            8.8,
            9,
            9.2,
            9.4,
            9.6,
            9.8,
            10,
            10.2,
            10.4,
            10.6,
            10.8,
            11,
            11.2,
            11.4,
            11.6,
            11.8,
            12
        ],
        "Sweep Type": "Gamma",
        "Gamma Magnitude List": [
            0.9
        ],
        "Gamma Phase List": [
            -175.0,
            -140.0,
            -105.0,
            -70.0,
            -35.0,
            0.0,
            35.0,
            70.0,
            105.0,
            140.0,
            175.0
        ],
        "Rectangular Offset [x,y]": [
            0,
            0
        ],
        "Real Impedance List": [],
        "Imaginary Impedance List": [],
        "PNA": {
            "IP address": "Defined in script GPIB",
            "Input port": "1",
            "Output port": "2"
        },
        "Load Tuner": {
            "Tuner SN": "3002",
            "Timeout": 1000,
            "Port": 5030,
            "Print Statements": 0,
            "Tuner Calibration File": "C:\\Users\\grgo8200\\Documents\\AFRL_Testbench\\data\\tunercal\\MT982AU06_3002.tunx"
        },
        "Comments": ""
    },
    "Load Point: (-0.896575228282571-0.07844016847289238j)_0": {
        "load_gamma": {
            "real": -0.896575228282571,
            "imag": -0.07844016847289238
        },
        "PNA S11": {
            "real": -0.4790647,
            "imag": 0.5156001
        },
        "PNA Gamma Load": {
            "real": -0.528986766173732,
            "imag": 0.46919120524878916
        }
    },
    "Load Point: (-0.6894399988070802-0.5785088487178855j)_0": {
        "load_gamma": {
            "real": -0.6894399988070802,
            "imag": -0.5785088487178855
        },
        "PNA S11": {
            "real": -0.7010402,
            "imag": 0.1012261
        },
        "PNA Gamma Load": {
            "real": -0.713016238530336,
            "imag": 0.03430862723922433
        }
    },
    "Load Point: (-0.23293714059226878-0.8693332436601615j)_0": {
        "load_gamma": {
            "real": -0.23293714059226878,
            "imag": -0.8693332436601615
        },
        "PNA S11": {
            "real": -0.6073713,
            "imag": -0.3409232
        },
        "PNA Gamma Load": {
            "real": -0.5786931534268404,
            "imag": -0.398771436725465
        }
    },
    "Load Point: (0.30781812899310196-0.8457233587073175j)_0": {
        "load_gamma": {
            "real": 0.30781812899310196,
            "imag": -0.8457233587073175
        },
        "PNA S11": {
            "real": -0.290667,
            "imag": -0.609695
        },
        "PNA Gamma Load": {
            "real": -0.23820273006448575,
            "imag": -0.6387112262610616
        }
    },
    "Load Point: (0.7372368398600926-0.5162187927159415j)_0": {
        "load_gamma": {
            "real": 0.7372368398600926,
            "imag": -0.5162187927159415
        },
        "PNA S11": {
            "real": 0.08635289,
            "imag": -0.6475648
        },
        "PNA Gamma Load": {
            "real": 0.1418147010660541,
            "imag": -0.6425372217066021
        }
    },
    "Load Point: (0.9+0j)_0": {
        "load_gamma": {
            "real": 0.9,
            "imag": 0.0
        },
        "PNA S11": {
            "real": 0.4062362,
            "imag": -0.4876975
        },
        "PNA Gamma Load": {
            "real": 0.447042347035533,
            "imag": -0.4541388674950018
        }
    },
    "Load Point: (0.7372368398600926+0.5162187927159415j)_0": {
        "load_gamma": {
            "real": 0.7372368398600926,
            "imag": 0.5162187927159415
        },
        "PNA S11": {
            "real": 0.597271,
            "imag": -0.2049685
        },
        "PNA Gamma Load": {
            "real": 0.6129409003461442,
            "imag": -0.15477143585470873
        }
    },
    "Load Point: (0.30781812899310196+0.8457233587073175j)_0": {
        "load_gamma": {
            "real": 0.30781812899310196,
            "imag": 0.8457233587073175
        },
        "PNA S11": {
            "real": 0.6208875,
            "imag": 0.1503515
        },
        "PNA Gamma Load": {
            "real": 0.6049782358019331,
            "imag": 0.202883183424833
        }
    },
    "Load Point: (-0.23293714059226878+0.8693332436601615j)_0": {
        "load_gamma": {
            "real": -0.23293714059226878,
            "imag": 0.8693332436601615
        },
        "PNA S11": {
            "real": 0.4453003,
            "imag": 0.4828025
        },
        "PNA Gamma Load": {
            "real": 0.39942896324531485,
            "imag": 0.5202656807395705
        }
    },
    "Load Point: (-0.6894399988070802+0.5785088487178855j)_0": {
        "load_gamma": {
            "real": -0.6894399988070802,
            "imag": 0.5785088487178855
        },
        "PNA S11": {
            "real": 0.07835278,
            "imag": 0.6742824
        },
        "PNA Gamma Load": {
            "real": 0.014834591269395195,
            "imag": 0.6788359579659303
        }
    },
    "Load Point: (-0.896575228282571+0.07844016847289238j)_0": {
        "load_gamma": {
            "real": -0.896575228282571,
            "imag": 0.07844016847289238
        },
        "PNA S11": {
            "real": -0.3681868,
            "imag": 0.5951154
        },
        "PNA Gamma Load": {
            "real": -0.42508659544114863,
            "imag": 0.5590607597165443
        }
    }
}