{
    "Date and Time": "2025-07-07_13_51",
    "Configuration": {
        "Frequency": [
            8,
            8.2,
            8.4,
            8.6,
            8.8,
            9,
            9.2,
            9.4,
            9.6,
            9.8,
            10,
            10.2,
            10.4,
            10.6,
            10.8,
            11,
            11.2,
            11.4,
            11.6,
            11.8,
            12
        ],
        "Sweep Type": "Gamma",
        "Gamma Magnitude List": [
            0.9
        ],
        "Gamma Phase List": [
            -175.0,
            -140.0,
            -105.0,
            -70.0,
            -35.0,
            0.0,
            35.0,
            70.0,
            105.0,
            140.0,
            175.0
        ],
        "Rectangular Offset [x,y]": [
            0,
            0
        ],
        "Real Impedance List": [],
        "Imaginary Impedance List": [],
        "PNA": {
            "IP address": "Defined in script GPIB",
            "Input port": "1",
            "Output port": "2"
        },
        "Load Tuner": {
            "Tuner SN": "3002",
            "Timeout": 1000,
            "Port": 5030,
            "Print Statements": 0,
            "Tuner Calibration File": "C:\\Users\\grgo8200\\Documents\\AFRL_Testbench\\data\\tunercal\\MT982AU06_3002.tunx"
        },
        "Comments": ""
    },
    "Load Point: (-0.896575228282571-0.07844016847289238j)_0": {
        "load_gamma": {
            "real": -0.896575228282571,
            "imag": -0.07844016847289238
        },
        "PNA S11": {
            "real": -0.6603177,
            "imag": -0.2020812
        },
        "PNA Gamma Load": {
            "real": -0.6442284166286444,
            "imag": -0.26009348612386773
        }
    },
    "Load Point: (-0.6894399988070802-0.5785088487178855j)_0": {
        "load_gamma": {
            "real": -0.6894399988070802,
            "imag": -0.5785088487178855
        },
        "PNA S11": {
            "real": -0.400499,
            "imag": -0.6005219
        },
        "PNA Gamma Load": {
            "real": -0.35185830643585725,
            "imag": -0.6353132472318047
        }
    },
    "Load Point: (-0.23293714059226878-0.8693332436601615j)_0": {
        "load_gamma": {
            "real": -0.23293714059226878,
            "imag": -0.8693332436601615
        },
        "PNA S11": {
            "real": 0.04310108,
            "imag": -0.7321151
        },
        "PNA Gamma Load": {
            "real": 0.10101266610201952,
            "imag": -0.7298637866832235
        }
    },
    "Load Point: (0.30781812899310196-0.8457233587073175j)_0": {
        "load_gamma": {
            "real": 0.30781812899310196,
            "imag": -0.8457233587073175
        },
        "PNA S11": {
            "real": 0.4418752,
            "imag": -0.5712056
        },
        "PNA Gamma Load": {
            "real": 0.48502829215245535,
            "imag": -0.5370546656554019
        }
    },
    "Load Point: (0.7372368398600926-0.5162187927159415j)_0": {
        "load_gamma": {
            "real": 0.7372368398600926,
            "imag": -0.5162187927159415
        },
        "PNA S11": {
            "real": 0.6547053,
            "imag": -0.2416339
        },
        "PNA Gamma Load": {
            "real": 0.6713120522915851,
            "imag": -0.19136616088521533
        }
    },
    "Load Point: (0.9+0j)_0": {
        "load_gamma": {
            "real": 0.9,
            "imag": 0.0
        },
        "PNA S11": {
            "real": 0.6583271,
            "imag": 0.1225289
        },
        "PNA Gamma Load": {
            "real": 0.6457055382328933,
            "imag": 0.17267371205107626
        }
    },
    "Load Point: (0.7372368398600926+0.5162187927159415j)_0": {
        "load_gamma": {
            "real": 0.7372368398600926,
            "imag": 0.5162187927159415
        },
        "PNA S11": {
            "real": 0.4812908,
            "imag": 0.4283713
        },
        "PNA Gamma Load": {
            "real": 0.44370498926455865,
            "imag": 0.4643206851449131
        }
    },
    "Load Point: (0.30781812899310196+0.8457233587073175j)_0": {
        "load_gamma": {
            "real": 0.30781812899310196,
            "imag": 0.8457233587073175
        },
        "PNA S11": {
            "real": 0.1723658,
            "imag": 0.6047515
        },
        "PNA Gamma Load": {
            "real": 0.12050552505627476,
            "imag": 0.6155119467541853
        }
    },
    "Load Point: (-0.23293714059226878+0.8693332436601615j)_0": {
        "load_gamma": {
            "real": -0.23293714059226878,
            "imag": 0.8693332436601615
        },
        "PNA S11": {
            "real": -0.2018118,
            "imag": 0.5946333
        },
        "PNA Gamma Load": {
            "real": -0.2533024452013757,
            "imag": 0.5741990813891723
        }
    },
    "Load Point: (-0.6894399988070802+0.5785088487178855j)_0": {
        "load_gamma": {
            "real": -0.6894399988070802,
            "imag": 0.5785088487178855
        },
        "PNA S11": {
            "real": -0.5399396,
            "imag": 0.358291
        },
        "PNA Gamma Load": {
            "real": -0.5713231327912367,
            "imag": 0.30949032605559756
        }
    },
    "Load Point: (-0.896575228282571+0.07844016847289238j)_0": {
        "load_gamma": {
            "real": -0.896575228282571,
            "imag": 0.07844016847289238
        },
        "PNA S11": {
            "real": -0.6764612,
            "imag": -0.07052366
        },
        "PNA Gamma Load": {
            "real": -0.6717509993562176,
            "imag": -0.13037440739586922
        }
    }
}