{
    "Date and Time": "2025-07-07_13_51",
    "Configuration": {
        "Frequency": [
            8,
            8.2,
            8.4,
            8.6,
            8.8,
            9,
            9.2,
            9.4,
            9.6,
            9.8,
            10,
            10.2,
            10.4,
            10.6,
            10.8,
            11,
            11.2,
            11.4,
            11.6,
            11.8,
            12
        ],
        "Sweep Type": "Gamma",
        "Gamma Magnitude List": [
            0.9
        ],
        "Gamma Phase List": [
            -175.0,
            -140.0,
            -105.0,
            -70.0,
            -35.0,
            0.0,
            35.0,
            70.0,
            105.0,
            140.0,
            175.0
        ],
        "Rectangular Offset [x,y]": [
            0,
            0
        ],
        "Real Impedance List": [],
        "Imaginary Impedance List": [],
        "PNA": {
            "IP address": "Defined in script GPIB",
            "Input port": "1",
            "Output port": "2"
        },
        "Load Tuner": {
            "Tuner SN": "3002",
            "Timeout": 1000,
            "Port": 5030,
            "Print Statements": 0,
            "Tuner Calibration File": "C:\\Users\\grgo8200\\Documents\\AFRL_Testbench\\data\\tunercal\\MT982AU06_3002.tunx"
        },
        "Comments": "Looking for maximum Gamma over frequency. Could also be used to determine center offset."
    },
    "Load Point: (-0.896575228282571-0.07844016847289238j)_0": {
        "load_gamma": {
            "real": -0.896575228282571,
            "imag": -0.07844016847289238
        },
        "PNA S11": {
            "real": -0.6894731,
            "imag": -0.05061971
        },
        "PNA Gamma Load": {
            "real": -0.6865986329933766,
            "imag": -0.11410692246014051
        }
    },
    "Load Point: (-0.6894399988070802-0.5785088487178855j)_0": {
        "load_gamma": {
            "real": -0.6894399988070802,
            "imag": -0.5785088487178855
        },
        "PNA S11": {
            "real": -0.5132137,
            "imag": -0.4955819
        },
        "PNA Gamma Load": {
            "real": -0.4717221419168904,
            "imag": -0.5422430664488729
        }
    },
    "Load Point: (-0.23293714059226878-0.8693332436601615j)_0": {
        "load_gamma": {
            "real": -0.23293714059226878,
            "imag": -0.8693332436601615
        },
        "PNA S11": {
            "real": -0.1036176,
            "imag": -0.712383
        },
        "PNA Gamma Load": {
            "real": -0.04527066351237685,
            "imag": -0.7229676744602573
        }
    },
    "Load Point: (0.30781812899310196-0.8457233587073175j)_0": {
        "load_gamma": {
            "real": 0.30781812899310196,
            "imag": -0.8457233587073175
        },
        "PNA S11": {
            "real": 0.3081707,
            "imag": -0.6404384
        },
        "PNA Gamma Load": {
            "real": 0.3583944324318698,
            "imag": -0.616722053969688
        }
    },
    "Load Point: (0.7372368398600926-0.5162187927159415j)_0": {
        "load_gamma": {
            "real": 0.7372368398600926,
            "imag": -0.5162187927159415
        },
        "PNA S11": {
            "real": 0.58199,
            "imag": -0.3704929
        },
        "PNA Gamma Load": {
            "real": 0.6090978263690209,
            "imag": -0.3258287216769986
        }
    },
    "Load Point: (0.9+0j)_0": {
        "load_gamma": {
            "real": 0.9,
            "imag": 0.0
        },
        "PNA S11": {
            "real": 0.6660836,
            "imag": -0.0169371
        },
        "PNA Gamma Load": {
            "real": 0.6644623772932153,
            "imag": 0.033902305889893604
        }
    },
    "Load Point: (0.7372368398600926+0.5162187927159415j)_0": {
        "load_gamma": {
            "real": 0.7372368398600926,
            "imag": 0.5162187927159415
        },
        "PNA S11": {
            "real": 0.5628055,
            "imag": 0.3189363
        },
        "PNA Gamma Load": {
            "real": 0.5341849041087425,
            "imag": 0.36144528721497027
        }
    },
    "Load Point: (0.30781812899310196+0.8457233587073175j)_0": {
        "load_gamma": {
            "real": 0.30781812899310196,
            "imag": 0.8457233587073175
        },
        "PNA S11": {
            "real": 0.2996601,
            "imag": 0.5608031
        },
        "PNA Gamma Load": {
            "real": 0.25103252894290623,
            "imag": 0.5823227625856697
        }
    },
    "Load Point: (-0.23293714059226878+0.8693332436601615j)_0": {
        "load_gamma": {
            "real": -0.23293714059226878,
            "imag": 0.8693332436601615
        },
        "PNA S11": {
            "real": -0.07312422,
            "imag": 0.6335823
        },
        "PNA Gamma Load": {
            "real": -0.12896093081098609,
            "imag": 0.6237417935553379
        }
    },
    "Load Point: (-0.6894399988070802+0.5785088487178855j)_0": {
        "load_gamma": {
            "real": -0.6894399988070802,
            "imag": 0.5785088487178855
        },
        "PNA S11": {
            "real": -0.4510011,
            "imag": 0.4739814
        },
        "PNA Gamma Load": {
            "real": -0.4938358780904048,
            "imag": 0.43162547784258987
        }
    },
    "Load Point: (-0.896575228282571+0.07844016847289238j)_0": {
        "load_gamma": {
            "real": -0.896575228282571,
            "imag": 0.07844016847289238
        },
        "PNA S11": {
            "real": -0.678758,
            "imag": 0.08158389
        },
        "PNA Gamma Load": {
            "real": -0.6875579715078911,
            "imag": 0.019158452603751146
        }
    }
}