{
    "Date and Time": "2025-07-07_13_51",
    "Configuration": {
        "Frequency": [
            8,
            8.2,
            8.4,
            8.6,
            8.8,
            9,
            9.2,
            9.4,
            9.6,
            9.8,
            10,
            10.2,
            10.4,
            10.6,
            10.8,
            11,
            11.2,
            11.4,
            11.6,
            11.8,
            12
        ],
        "Sweep Type": "Gamma",
        "Gamma Magnitude List": [
            0.9
        ],
        "Gamma Phase List": [
            -175.0,
            -140.0,
            -105.0,
            -70.0,
            -35.0,
            0.0,
            35.0,
            70.0,
            105.0,
            140.0,
            175.0
        ],
        "Rectangular Offset [x,y]": [
            0,
            0
        ],
        "Real Impedance List": [],
        "Imaginary Impedance List": [],
        "PNA": {
            "IP address": "Defined in script GPIB",
            "Input port": "1",
            "Output port": "2"
        },
        "Load Tuner": {
            "Tuner SN": "3002",
            "Timeout": 1000,
            "Port": 5030,
            "Print Statements": 0,
            "Tuner Calibration File": "C:\\Users\\grgo8200\\Documents\\AFRL_Testbench\\data\\tunercal\\MT982AU06_3002.tunx"
        },
        "Comments": ""
    },
    "Load Point: (-0.896575228282571-0.07844016847289238j)_0": {
        "load_gamma": {
            "real": -0.896575228282571,
            "imag": -0.07844016847289238
        },
        "PNA S11": {
            "real": -0.6806877,
            "imag": 0.1293162
        },
        "PNA Gamma Load": {
            "real": -0.6939163054071985,
            "imag": 0.06675137660762848
        }
    },
    "Load Point: (-0.6894399988070802-0.5785088487178855j)_0": {
        "load_gamma": {
            "real": -0.6894399988070802,
            "imag": -0.5785088487178855
        },
        "PNA S11": {
            "real": -0.6263769,
            "imag": -0.3395192
        },
        "PNA Gamma Load": {
            "real": -0.5988308056663357,
            "imag": -0.396919038633487
        }
    },
    "Load Point: (-0.23293714059226878-0.8693332436601615j)_0": {
        "load_gamma": {
            "real": -0.23293714059226878,
            "imag": -0.8693332436601615
        },
        "PNA S11": {
            "real": -0.28127,
            "imag": -0.6543784
        },
        "PNA Gamma Load": {
            "real": -0.22685789024521916,
            "imag": -0.6812741976112526
        }
    },
    "Load Point: (0.30781812899310196-0.8457233587073175j)_0": {
        "load_gamma": {
            "real": 0.30781812899310196,
            "imag": -0.8457233587073175
        },
        "PNA S11": {
            "real": 0.1518392,
            "imag": -0.6823618
        },
        "PNA Gamma Load": {
            "real": 0.20816035710519612,
            "imag": -0.6718564488545681
        }
    },
    "Load Point: (0.7372368398600926-0.5162187927159415j)_0": {
        "load_gamma": {
            "real": 0.7372368398600926,
            "imag": -0.5162187927159415
        },
        "PNA S11": {
            "real": 0.4858575,
            "imag": -0.4759145
        },
        "PNA Gamma Load": {
            "real": 0.5238271629936065,
            "imag": -0.43756277057287635
        }
    },
    "Load Point: (0.9+0j)_0": {
        "load_gamma": {
            "real": 0.9,
            "imag": 0.0
        },
        "PNA S11": {
            "real": 0.6438997,
            "imag": -0.1435501
        },
        "PNA Gamma Load": {
            "real": 0.6534782987815969,
            "imag": -0.09247743534063065
        }
    },
    "Load Point: (0.7372368398600926+0.5162187927159415j)_0": {
        "load_gamma": {
            "real": 0.7372368398600926,
            "imag": 0.5162187927159415
        },
        "PNA S11": {
            "real": 0.6104205,
            "imag": 0.2054446
        },
        "PNA Gamma Load": {
            "real": 0.5907577866723184,
            "imag": 0.2535214745336427
        }
    },
    "Load Point: (0.30781812899310196+0.8457233587073175j)_0": {
        "load_gamma": {
            "real": 0.30781812899310196,
            "imag": 0.8457233587073175
        },
        "PNA S11": {
            "real": 0.401306,
            "imag": 0.4960241
        },
        "PNA Gamma Load": {
            "real": 0.35698499123378413,
            "imag": 0.5263954694555574
        }
    },
    "Load Point: (-0.23293714059226878+0.8693332436601615j)_0": {
        "load_gamma": {
            "real": -0.23293714059226878,
            "imag": 0.8693332436601615
        },
        "PNA S11": {
            "real": 0.06089797,
            "imag": 0.6408135
        },
        "PNA Gamma Load": {
            "real": 0.0038608210940251353,
            "imag": 0.6427523415693606
        }
    },
    "Load Point: (-0.6894399988070802+0.5785088487178855j)_0": {
        "load_gamma": {
            "real": -0.6894399988070802,
            "imag": 0.5785088487178855
        },
        "PNA S11": {
            "real": -0.3362716,
            "imag": 0.5693729
        },
        "PNA Gamma Load": {
            "real": -0.3873228289566213,
            "imag": 0.537057798642453
        }
    },
    "Load Point: (-0.896575228282571+0.07844016847289238j)_0": {
        "load_gamma": {
            "real": -0.896575228282571,
            "imag": 0.07844016847289238
        },
        "PNA S11": {
            "real": -0.6359968,
            "imag": 0.2561646
        },
        "PNA Gamma Load": {
            "real": -0.6601559738855166,
            "imag": 0.19781685577432132
        }
    }
}