{
    "Date and Time": "2025-07-07_13_51",
    "Configuration": {
        "Frequency": [
            8,
            8.2,
            8.4,
            8.6,
            8.8,
            9,
            9.2,
            9.4,
            9.6,
            9.8,
            10,
            10.2,
            10.4,
            10.6,
            10.8,
            11,
            11.2,
            11.4,
            11.6,
            11.8,
            12
        ],
        "Sweep Type": "Gamma",
        "Gamma Magnitude List": [
            0.9
        ],
        "Gamma Phase List": [
            -175.0,
            -140.0,
            -105.0,
            -70.0,
            -35.0,
            0.0,
            35.0,
            70.0,
            105.0,
            140.0,
            175.0
        ],
        "Rectangular Offset [x,y]": [
            0,
            0
        ],
        "Real Impedance List": [],
        "Imaginary Impedance List": [],
        "PNA": {
            "IP address": "Defined in script GPIB",
            "Input port": "1",
            "Output port": "2"
        },
        "Load Tuner": {
            "Tuner SN": "3002",
            "Timeout": 1000,
            "Port": 5030,
            "Print Statements": 0,
            "Tuner Calibration File": "C:\\Users\\grgo8200\\Documents\\AFRL_Testbench\\data\\tunercal\\MT982AU06_3002.tunx"
        },
        "Comments": ""
    },
    "Load Point: (-0.896575228282571-0.07844016847289238j)_0": {
        "load_gamma": {
            "real": -0.896575228282571,
            "imag": -0.07844016847289238
        },
        "PNA S11": {
            "real": -0.4782185,
            "imag": 0.4103537
        },
        "PNA Gamma Load": {
            "real": -0.5269035318021574,
            "imag": 0.346764266269746
        }
    },
    "Load Point: (-0.6894399988070802-0.5785088487178855j)_0": {
        "load_gamma": {
            "real": -0.6894399988070802,
            "imag": -0.5785088487178855
        },
        "PNA S11": {
            "real": -0.6012966,
            "imag": -0.002773977
        },
        "PNA Gamma Load": {
            "real": -0.6000533837245511,
            "imag": -0.07937266878396856
        }
    },
    "Load Point: (-0.23293714059226878-0.8693332436601615j)_0": {
        "load_gamma": {
            "real": -0.23293714059226878,
            "imag": -0.8693332436601615
        },
        "PNA S11": {
            "real": -0.4744363,
            "imag": -0.3656607
        },
        "PNA Gamma Load": {
            "real": -0.43097692531824805,
            "imag": -0.42446924229536553
        }
    },
    "Load Point: (0.30781812899310196-0.8457233587073175j)_0": {
        "load_gamma": {
            "real": 0.30781812899310196,
            "imag": -0.8457233587073175
        },
        "PNA S11": {
            "real": -0.2038731,
            "imag": -0.5823155
        },
        "PNA Gamma Load": {
            "real": -0.13741159206173628,
            "imag": -0.6079702237416158
        }
    },
    "Load Point: (0.7372368398600926-0.5162187927159415j)_0": {
        "load_gamma": {
            "real": 0.7372368398600926,
            "imag": -0.5162187927159415
        },
        "PNA S11": {
            "real": 0.1202026,
            "imag": -0.6347681
        },
        "PNA Gamma Load": {
            "real": 0.18944573419845737,
            "imag": -0.6229237390029907
        }
    },
    "Load Point: (0.9+0j)_0": {
        "load_gamma": {
            "real": 0.9,
            "imag": 0.0
        },
        "PNA S11": {
            "real": 0.4306543,
            "imag": -0.5245383
        },
        "PNA Gamma Load": {
            "real": 0.485019599954732,
            "imag": -0.4785859488244533
        }
    },
    "Load Point: (0.7372368398600926+0.5162187927159415j)_0": {
        "load_gamma": {
            "real": 0.7372368398600926,
            "imag": 0.5162187927159415
        },
        "PNA S11": {
            "real": 0.6572372,
            "imag": -0.2552801
        },
        "PNA Gamma Load": {
            "real": 0.6806035163356757,
            "imag": -0.18637867004792222
        }
    },
    "Load Point: (0.30781812899310196+0.8457233587073175j)_0": {
        "load_gamma": {
            "real": 0.30781812899310196,
            "imag": 0.8457233587073175
        },
        "PNA S11": {
            "real": 0.7102508,
            "imag": 0.1320328
        },
        "PNA Gamma Load": {
            "real": 0.6911564162977243,
            "imag": 0.20522781574242868
        }
    },
    "Load Point: (-0.23293714059226878+0.8693332436601615j)_0": {
        "load_gamma": {
            "real": -0.23293714059226878,
            "imag": 0.8693332436601615
        },
        "PNA S11": {
            "real": 0.4982273,
            "imag": 0.517752
        },
        "PNA Gamma Load": {
            "real": 0.4364020734492573,
            "imag": 0.5671732165993524
        }
    },
    "Load Point: (-0.6894399988070802+0.5785088487178855j)_0": {
        "load_gamma": {
            "real": -0.6894399988070802,
            "imag": 0.5785088487178855
        },
        "PNA S11": {
            "real": 0.05805077,
            "imag": 0.6863374
        },
        "PNA Gamma Load": {
            "real": -0.023320824092116336,
            "imag": 0.686009128898449
        }
    },
    "Load Point: (-0.896575228282571+0.07844016847289238j)_0": {
        "load_gamma": {
            "real": -0.896575228282571,
            "imag": 0.07844016847289238
        },
        "PNA S11": {
            "real": -0.3895886,
            "imag": 0.511041
        },
        "PNA Gamma Load": {
            "real": -0.4504587689017198,
            "imag": 0.4577568067725102
        }
    }
}