{
    "Date and Time": "2025-07-07_13_51",
    "Configuration": {
        "Frequency": [
            8,
            8.2,
            8.4,
            8.6,
            8.8,
            9,
            9.2,
            9.4,
            9.6,
            9.8,
            10,
            10.2,
            10.4,
            10.6,
            10.8,
            11,
            11.2,
            11.4,
            11.6,
            11.8,
            12
        ],
        "Sweep Type": "Gamma",
        "Gamma Magnitude List": [
            0.9
        ],
        "Gamma Phase List": [
            -175.0,
            -140.0,
            -105.0,
            -70.0,
            -35.0,
            0.0,
            35.0,
            70.0,
            105.0,
            140.0,
            175.0
        ],
        "Rectangular Offset [x,y]": [
            0,
            0
        ],
        "Real Impedance List": [],
        "Imaginary Impedance List": [],
        "PNA": {
            "IP address": "Defined in script GPIB",
            "Input port": "1",
            "Output port": "2"
        },
        "Load Tuner": {
            "Tuner SN": "3002",
            "Timeout": 1000,
            "Port": 5030,
            "Print Statements": 0,
            "Tuner Calibration File": "C:\\Users\\grgo8200\\Documents\\AFRL_Testbench\\data\\tunercal\\MT982AU06_3002.tunx"
        },
        "Comments": ""
    },
    "Load Point: (-0.896575228282571-0.07844016847289238j)_0": {
        "load_gamma": {
            "real": -0.896575228282571,
            "imag": -0.07844016847289238
        },
        "PNA S11": {
            "real": -0.6555105,
            "imag": 0.1854892
        },
        "PNA Gamma Load": {
            "real": -0.6737261803028316,
            "imag": 0.11667013787435634
        }
    },
    "Load Point: (-0.6894399988070802-0.5785088487178855j)_0": {
        "load_gamma": {
            "real": -0.6894399988070802,
            "imag": -0.5785088487178855
        },
        "PNA S11": {
            "real": -0.5823,
            "imag": -0.293926
        },
        "PNA Gamma Load": {
            "real": -0.5529218986776188,
            "imag": -0.3538150431769391
        }
    },
    "Load Point: (-0.23293714059226878-0.8693332436601615j)_0": {
        "load_gamma": {
            "real": -0.23293714059226878,
            "imag": -0.8693332436601615
        },
        "PNA S11": {
            "real": -0.2590117,
            "imag": -0.5719677
        },
        "PNA Gamma Load": {
            "real": -0.2040233902711845,
            "imag": -0.5991348176172263
        }
    },
    "Load Point: (0.30781812899310196-0.8457233587073175j)_0": {
        "load_gamma": {
            "real": 0.30781812899310196,
            "imag": -0.8457233587073175
        },
        "PNA S11": {
            "real": 0.1144618,
            "imag": -0.607589
        },
        "PNA Gamma Load": {
            "real": 0.17179691433884967,
            "imag": -0.5986788873860825
        }
    },
    "Load Point: (0.7372368398600926-0.5162187927159415j)_0": {
        "load_gamma": {
            "real": 0.7372368398600926,
            "imag": -0.5162187927159415
        },
        "PNA S11": {
            "real": 0.4180815,
            "imag": -0.4624418
        },
        "PNA Gamma Load": {
            "real": 0.4607678628542254,
            "imag": -0.4249668115458206
        }
    },
    "Load Point: (0.9+0j)_0": {
        "load_gamma": {
            "real": 0.9,
            "imag": 0.0
        },
        "PNA S11": {
            "real": 0.6053625,
            "imag": -0.204935
        },
        "PNA Gamma Load": {
            "real": 0.623541730905614,
            "imag": -0.14987716856465186
        }
    },
    "Load Point: (0.7372368398600926+0.5162187927159415j)_0": {
        "load_gamma": {
            "real": 0.7372368398600926,
            "imag": 0.5162187927159415
        },
        "PNA S11": {
            "real": 0.6519602,
            "imag": 0.1112899
        },
        "PNA Gamma Load": {
            "real": 0.6398728177393366,
            "imag": 0.17086647243484365
        }
    },
    "Load Point: (0.30781812899310196+0.8457233587073175j)_0": {
        "load_gamma": {
            "real": 0.30781812899310196,
            "imag": 0.8457233587073175
        },
        "PNA S11": {
            "real": 0.5334729,
            "imag": 0.430611
        },
        "PNA Gamma Load": {
            "real": 0.49019313825640004,
            "imag": 0.4791332245020572
        }
    },
    "Load Point: (-0.23293714059226878+0.8693332436601615j)_0": {
        "load_gamma": {
            "real": -0.23293714059226878,
            "imag": 0.8693332436601615
        },
        "PNA S11": {
            "real": 0.2204432,
            "imag": 0.6674465
        },
        "PNA Gamma Load": {
            "real": 0.15357921386529863,
            "imag": 0.6856749306762221
        }
    },
    "Load Point: (-0.6894399988070802+0.5785088487178855j)_0": {
        "load_gamma": {
            "real": -0.6894399988070802,
            "imag": 0.5785088487178855
        },
        "PNA S11": {
            "real": -0.230505,
            "imag": 0.6697086
        },
        "PNA Gamma Load": {
            "real": -0.29775319465721495,
            "imag": 0.6428137226061544
        }
    },
    "Load Point: (-0.896575228282571+0.07844016847289238j)_0": {
        "load_gamma": {
            "real": -0.896575228282571,
            "imag": 0.07844016847289238
        },
        "PNA S11": {
            "real": -0.6083595,
            "imag": 0.3282788
        },
        "PNA Gamma Load": {
            "real": -0.6408940670492526,
            "imag": 0.26380279655672795
        }
    }
}